auction_brand,auction_date,auction_location,auction_model,auction_organizor,auction_price,auction_restauration_code,auction_sales_code,auction_url,model,quote_id,year
,,,,,,,,,,734,
BMW,07/12/2012,Barcelone,3/15 PS roadster recarrossé,Stanislas Machoïr,30 000 €,TR/REST+,V,,,734,
,,,,,,,,,,746,
BMW,08/09/2014,Londres,319 roadster,RM Auctions,174 706 €,REST,V,,,746,
BMW,12/09/2009,Beaulieu,Frazer Nash 319/2 roadster RHD (54158),Bonhams,55 000 €,REST,V,,,746,
BMW,29/03/2008,Essen,319 Sport roadster LHD (55008),Coys Europe,107 000 €,REST+,V,,,746,
,,,,,,,,,,761,
BMW,07/02/2019,Paris,327/28 cabriolet,Bonhams,212 750 €,REST+,V,,,761,
BMW,16/01/2019,Scottsdale,327/28 cabriolet (80 ch),Worldwide Auctioneers,232 210 €,REST,V,,,761,
BMW,04/06/2017,Greenwich,327/28 cabriolet,Bonhams,195 920 €,REST,V,,,761,
BMW,13/06/2015,Zurich,327/28 cabriolet 80 ch,Oldtimer Galerie Toffen,463 757 €,REST,V,,,761,
BMW,10/06/2013,Paris,"327 cabriolet, moteur 328",Artcurial Motorcars,227 427 €,REST+/TR,V,,,761,
BMW,13/12/2009,Fontainebleau,327/80 cabriolet,Jean-Pierre Osenat,100 000 €,REST,V,,,761,
BMW,12/06/2006,Paris,"327/28 cabriolet, moteur Bristol 100 D2","Artcurial Briest, Le Fur, Poulai",120 000 €,REST/TR,V,,,761,
,,,,,,,,,,770,
BMW,17/01/2019,Phoenix,507 roadster,RM Sotheby's,1 907 480 €,REST,V,,,770,
BMW,01/12/2018,Londres,507 roadster,Bonhams,2 655 080 €,OR+,V,,,770,
BMW,13/07/2018,Goodwood,507 roadster hard-top ex-John Surtees,Bonhams,4 304 740 €,EX,V,,,770,
BMW,07/02/2018,Paris,507 roadster série 2,RM Sotheby's,1 776 880 €,OR+,V,,,770,
BMW,18/08/2017,Pebble Beach,507 roadster,Gooding & Co,2 338 330 €,REST,V,,,770,
BMW,27/05/2017,Cernobbio,507 roadster série 1,RM Sotheby's,0 €,OR+,V,,,770,
BMW,03/02/2016,Paris,"507 roadster hard-top, boîte ZF 5 rapports",RM Sotheby's,2 016 000 €,REST+,V,,,770,
BMW,16/01/2015,Scottsdale,507 roadster ,Gooding & Co.,1 579 050 €,REST+,V,,,770,
BMW,16/08/2014,Pebble Beach,507 roadster série 2 + hard-top,Gooding & Co,1 443 750 €,REST,V,,,770,
BMW,08/03/2014,Amelia Island,507 roadster,RM Auctions,1 742 400 €,REST+,V,,,770,
BMW,07/03/2014,Amelia Island,507 roadster,Gooding & Co,1 306 800 €,REST+,V,,,770,
BMW,21/11/2013,New York,507 roadster,RM Auctions/Sotheby,1 221 000 €,REST,V,,,770,
BMW,20/01/2012,Phoenix,507 roadster,RM Auctions,767 250 €,EX,V,,,770,
BMW,18/08/2011,Carmel (Quail Lodge),507 roadster,Bonhams,651 600 €,REST+,V,,,770,
BMW,19/08/2011,Monterey,507 roadster,RM Auctions,772 200 €,REST+,V,,,770,
BMW,21/05/2011,Cernobbio,507 roadster,RM Auctions,650 000 €,REST,V,,,770,
,,,,,,,,,,785,
BMW,31/10/2016,La Mézière,2000 berline,Alcopa Auction,15 282 €,OR+,V,,,785,
BMW,28/11/2015,Toffen,2000 berline,Oldtimer Galerie Toffen,8 211 €,OR+,V,,,785,
,,,,,,,,,,795,
BMW,08/03/2019,Amelia Island,2002 turbo coach (170 ch),Gooding & Co,99 800 €,REST,V,,,795,
BMW,08/02/2019,Paris,2002 turbo coach Gr 2,Artcurial,95 360 €,REST,V,,,795,
BMW,24/08/2018,Pebble Beach,2002 turbo,Gooding & Co,122 940 €,OR+,V,,,795,
BMW,11/05/2018,Monaco,2002 turbo,Bonhams,101 200 €,REST,V,,,795,
BMW,18/01/2018,Phoenix,2002 turbo,RM Sotheby's,118 960 €,REST,V,,,795,
BMW,18/08/2017,Pebble Beach,2002 turbo coach (170 ch),Gooding & Co,121 590 €,REST,V,,,795,
BMW,29/03/2017,Duxford,2002 turbo,H & H Classic Auctions,85 970 €,REST,V,,,795,
BMW,09/03/2017,Amelia Island,2002 turbo,Bonhams,105 220 €,OR+,V,,,795,
JAGUAR,23/10/2016,Paris,Type E 3.8 cabriolet LHD (plancher plat),Leclère MDV,180 000 €,REST,V,,,795,
BMW,04/02/2016,Paris,2002 turbo,Bonhams,51 750 €,OR+,V,,,795,
BMW,27/02/2015,Berlin,2002 turbo ,Auctionata,80 470 €,OR+,V,,,795,
BMW,20/10/2013,Paris,"2002 turbo, jantes larges",Artcurial Motorcars,36 100 €,REST,V,,,795,
BMW,28/11/2009,Toffen,2002 turbo coach,Oldtimer Galerie Toffen,25 350 €,REST,V,,,795,
BMW,20/04/2009,Londres,2002 turbo (LHD),Bonhams,26 400 €,OR+,V,,,795,
BMW,16/12/2007,Fontainebleau,2002 turbo préparée (4290450),Jean-Pierre Osenat,23 000 €,REST,V,,,795,
,,,,,,,,,,12484,
BMW,27/10/2018,Padoue,"320/6 (E 21) Cabriolet Baur, boîte 5",Bonhams,18 400 €,REST,V,,,12484,
,,,,,,,,,,10971,
BMW,16/06/2018,Fontainebleau,325 i S (E 30) 4 portes,Osenat,18 000 €,OR,V,,,10971,
,,,,,,,,,,11763,
BMW,14/06/2019,Le Mans,M 3 3.2 (E 36) coach,Marie Line Balsan / Dominique Pagneux,24 780 €,OR+,V,,,11763,
BMW,29/03/2019,Fort Lauderdale,M 3 3.2 (E 46) coupé,RM Sotheby,33 290 €,OR+,V,,,11763,
BMW,22/09/2018,Toulouse,M 3 3.2 (E 36) ,Stanislas Machoïr,24 000 €,OR+,V,,,11763,
BMW,21/10/2017,Fontainebleau,M 3 3.2 (E 36),Osenat,18 540 €,OR,V,,,11763,
BMW,21/05/2017,Spa,M 3 3.2 (E 36) coupé,Bonhams,26 450 €,OR+,V,,,11763,
BMW,18/02/2012,Brooklands,328 i (E 36) Coupé RHD,Historic at Brooklands,1 722 €,OR,V,,,11763,
BMW,24/03/2010,Leominster,M 3 (E 36) Evolution 317 ch RHD,Brightwells,4 620 €,OR+,V,,,11763,
,,,,,,,,,,12341,
BMW,16/06/2018,Fontainebleau,525 i (E 28) berline,Osenat,3 840 €,OR,V,,,12341,
,,,,,,,,,,804,
BMW,01/10/2011,Munich,3.0 Si berline,Bonhams,12 500 €,OR+/EX,V,,,804,
,,,,,,,,,,9067,
BMW,02/06/2019,Greenwich,"M 635 CSi coupé (286 ch), ex-Prince d'Abu Dhabi",Bonhams,36 100 €,OR+,V,,,9067,
BMW,21/04/2019,Montastruc la Conseillère,M 635 CSi coupé (286 ch),Stanislas Machoïr,22 800 €,OR,V,,,9067,
BMW,29/03/2019,Fort Lauderdale,M 6 coupé (286 ch),RM Sotheby,40 140 €,OR+,V,,,9067,
BMW,06/02/2019,Paris,M 6 coupé (250 km/h),RM Sotheby's,57 500 €,OR+,V,,,9067,
BMW,17/01/2019,Scottsdale,M 635 CSi coupé (256 ch),Bonhams,63 850 €,OR+,V,,,9067,
BMW,17/11/2018,Turin,M 635 CSi coupé,Aste Bolaffi,69 000 €,REST+,V,,,9067,
BMW,25/11/2017,Brooklands,M 635 CSi coupé (286 ch),Historics at Brooklands,37 590 €,OR+,V,,,9067,
BMW,14/10/2017,Toffen,M 635 CSi coupé (286 ch),Oldtimer Galerie Toffen,48 570 €,OR+,V,,,9067,
BMW,02/10/2017,Philadelphie,M 635 CSi coupé (286 ch),Bonhams,27 610 €,OR+,V,,,9067,
BMW,04/06/2017,Greenwich,M 6 coupé USA,Bonhams,48 980 €,OR+,V,,,9067,
BMW,09/03/2017,Amelia Island,M 635 CSi coupé USA,Bonhams,98 530 €,OR+,V,,,9067,
BMW,25/11/2016,Milan,M 635 CSi coupé,RM Sotheby's,56 000 €,OR+,V,,,9067,
BMW,09/07/2016,Le Mans,M 635 CSi coupé,Artcurial Motorcars,47 680 €,OR+,V,,,9067,
BMW,05/02/2016,Paris,M 635 CSi coupé,Artcurial Motorcars,41 720 €,OR+,V,,,9067,
BMW,10/12/2015,Londres,M 635 CSi coupé RHD,Bonhams,38 200 €,OR+,V,,,9067,
BMW,11/10/2014,Paris,M 635 CSi coupé,SVV Cornette de Saint-Cyr,22 420 €,OR+,V,,,9067,
,,,,,,,,,,8340,
BMW,17/06/2019,Paris,Z 1 roadster,Artcurial,36 950 €,OR,V,,,8340,
BMW,25/05/2019,Lucerne,Z 1 roadster,Oldtimer Galerie,51 670 €,OR+,V,,,8340,
BMW,08/02/2019,Paris,Z 1 roadster,Artcurial,59 600 €,OR+,V,,,8340,
BMW,17/01/2019,Scottsdale,Alpina Z 1 roadster,Bonhams,93 310 €,OR+,V,,,8340,
BMW,04/11/2018,Paris,Z 1 roadster,Artcurial Motorcars,38 140 €,OR+,V,,,8340,
BMW,08/04/2018,Paris,Z 1 roadster,Artcurial Motorcars,64 370 €,OR+,V,,,8340,
BMW,06/12/2017,Londres,Z 1 roadster,Bonhams,43 530 €,OR+,V,,,8340,
BMW,21/05/2017,Spa,Z 1 roadster évol. Alpina RLE 2.7,Bonhams,58 650 €,REST/TR,V,,,8340,
BMW,13/05/2017,Silverstone,Z 1 roadster,Silverstone Auctions,41 800 €,REST,V,,,8340,
BMW,25/02/2017,Coventry,Z 1 roadster,Silverstone Auctions,41 590 €,REST,V,,,8340,
BMW,07/12/2016,Londres,Z 1 roadster,Bonhams,48 650 €,OR+,V,,,8340,
BMW,25/11/2016,Milan,Z 1 roadster,RM Sotheby's,47 040 €,OR+,V,,,8340,
BMW,07/09/2016,Londres,"Z 1 roadster, 250 km origine",RM Sotheby's,93 300 €,EX,V,,,8340,
BMW,19/08/2016,Carmel,Z 1 roadster,Bonhams,90 000 €,OR+,V,,,8340,
BMW,03/09/2016,Chantilly,Z 1 roadster,Bonhams,69 000 €,OR+,V,,,8340,
BMW,13/05/2016,Monaco,Z 1 Roadster,Bonhams,95 450 €,OR+,V,,,8340,
,,,,,,,,,,11838,
BMW,08/03/2019,Amelia Island,Z 8 roadster,RM Sotheby,159 690 €,OR+,V,,,11838,
BMW,17/01/2019,Phoenix,Alpina V8 roadster,RM Sotheby's,216 090 €,OR+,V,,,11838,
BMW,17/01/2019,Scottsdale,Alpina Z 8 roadster,Bonhams,125 730 €,OR+,V,,,11838,
BMW,27/10/2018,Padoue,I 8 coupé hybride,Bonhams,56 350 €,OR+,V,,,11838,
BMW,08/10/2018,Philadelphie,Z 8 roadster hard-top,Bonhams,141 290 €,OR+,V,,,11838,
BMW,24/08/2018,Monterey,Z 8 Alpina roadster hard-top,RM Sotheby's,344 740 €,OR+,V,,,11838,
BMW,24/08/2018,Quail Lodge,Z 8 roadster hard-top,Bonhams,158 870 €,OR+,V,,,11838,
BMW,07/07/2018,Le Mans,Z 8 roadster,Artcurial,196 680 €,OR+,V,,,11838,
BMW,12/05/2018,Monaco,Z 8 roadster hard-top,RM Sotheby's,241 250 €,OR+,V,,,11838,
BMW,08/02/2018,Paris,Z 8 roadster hard-top,Bonhams,212 750 €,OR+,V,,,11838,
BMW,18/01/2018,Phoenix,Z 8 roadster,RM Sotheby's,183 010 €,OR+,V,,,11838,
BMW,18/01/2018,Phoenix,Z 8 Alpina roadster hard-top,RM Sotheby's,134 970 €,OR+,V,,,11838,
BMW,07/02/2018,Paris,Z 8 roadster,RM Sotheby's,195 500 €,OR+,V,,,11838,
BMW,06/12/2017,New York,Z 8 roadster ex-Steve Jobs,RM Sotheby,279 090 €,OR+,V,,,11838,
BMW,06/10/2017,Knokke-le-Zoute,Z 8 roadster + hard-top,Bonhams,316 250 €,OR,V,,,11838,
BMW,17/08/2017,Pacific Grove,Z 8 Alpina roadster,Worldwide Auctioneers,198 870 €,OR+,V,,,11838,
,,,,,,,,,,12526,
BMW,29/03/2019,Fort Lauderdale,Z 3 M Roadster V6 3.2,RM Sotheby,15 660 €,OR+,V,,,12526,
,,,,,,,,,,11952,
BMW,18/05/2019,Brooklands,Z 3 M Coupé RHD,Historics at Brooklands,24 850 €,OR+,V,,,11952,
BMW,07/03/2019,Amelia Island,Z 3 M Coupé,Bonhams,32 790 €,OR+,V,,,11952,
BMW,02/03/2019,Ascott,Z 3 M Coupé RHD,Historics at Brooklands,34 480 €,OR+,V,,,11952,
BMW,07/07/2018,Brooklands,Z 3 M Coupé,Historics at Brooklands,20 890 €,OR+,V,,,11952,
BMW,19/05/2018,Brooklands,Z 3 M Coupé,Historics at Brooklands,22 150 €,OR+,V,,,11952,
BMW,11/05/2018,Auburn,Z 3 M 3.2 Cabriolet,RM Sotheby's,13 350 €,OR+,V,,,11952,
BMW,14/04/2018,Fontainebleau,Z 3 M roadster hard-top,Osenat,27 600 €,OR+,V,,,11952,
BMW,18/03/2018,Goodwood,Z 3 M Coupé RHD,Bonhams,55 140 €,OR+,V,,,11952,
BMW,08/02/2018,Paris,"Z 3 M Coupé, équipé Schnitzer",Bonhams,32 200 €,OR+,V,,,11952,
BMW,10/06/2017,Lyon,Z 3 M Coupé toit ouvrant,Claude Aguttes,37 320 €,OR+,V,,,11952,
BMW,08/05/2017,La Mézière,Z 4 3.0 i autom. roadster,Alcopa Auction Rennes,9 300 €,OR,V,,,11952,
BMW,25/11/2016,Milan,Z 3 M Coupé,RM Sotheby's,64 960 €,OR+,V,,,11952,
BMW,30/10/2016,Paris,Z 3 M Roadster,Artcurial Motorcars,35 760 €,OR+,V,,,11952,
BMW,04/02/2015,Paris,Z 8 roadster,RM Auctions,184 000 €,OR+,V,,,11952,
BMW,04/09/2014,Londres,Z 8 cabriolet + hardtop,Silverstone Auctions,133 518 €,OR+,V,,,11952,
,,,,,,,,,,12453,
BMW,24/03/2019,Avignon,Z 3 3.0 Coupé,Leclère Motorcars,26 400 €,OR+,V,,,12453,
BMW,07/07/2018,Brooklands,Z 3 3.0 roadster,Historics at Brooklands,13 570 €,OR+,V,,,12453,
,,,,,,,,,,11951,
BMW,20/03/2019,Duxford,Z 3 2.8 Coupé RHD,H and H,12 020 €,OR+,V,,,11951,
BMW,01/09/2018,Beaulieu,Z 3 2.8 Coupé LHD,Bonhams,9 620 €,OR+,V,,,11951,
BMW,22/10/2017,Paris,Z 3 2.8 Coupé,Leclère,22 800 €,OR,V,,,11951,
BMW,11/09/2017,La Mézière,Z 3 2.8 Coupé,Alcopa Auction,11 120 €,OR+,V,,,11951,
BMW,07/06/2017,Fléville devant Nancy,Z 3 2.8 autom. Coupé toit ouvrant,Alcopa Auction Nancy,13 770 €,OR+,V,,,11951,
BMW,08/05/2017,La Mézière,Z 3 2.8 Coupé autom. (à homologuer),Alcopa Auction Rennes,9 410 €,OR+,V,,,11951,
BMW,07/04/2017,Esvres sur Indre,Z 3 2.8 Coupé,Alcopa Auction Tours,14 590 €,OR+,V,,,11951,
,,,,,,,,,,11950,
BMW,15/05/2019,Leominster,Z 3 2.8 roadster,Brightwells,3 530 €,OR,V,,,11950,
BMW,10/04/2019,Buxton,Z 3 2.8 roadster RHD,H and H,25 570 €,OR+,V,,,11950,
BMW,10/04/2019,Buxton,Z 3 2.8 roadster RHD + hard-top,H and H,2 550 €,OR+,V,,,11950,
BMW,02/03/2019,Ascott,Z 3 2.8 roadster RHD,Historics at Brooklands,5 470 €,OR+,V,,,11950,
BMW,07/07/2018,Brooklands,Z 3 2.8 roadster autom.,Historics at Brooklands,3 930 €,OR+,V,,,11950,
BMW,11/11/2017,Lyon,Z 3 2.2 roadster personnalisé,Aguttes,20 710 €,OR+,V,,,11950,
BMW,02/10/2017,Philadelphie,M/Dinan (Z 3 M) 3.0 à compresseur roadster,Bonhams,22 470 €,OR+,V,,,11950,
BMW,29/06/2017,Saint-Priest,Z 3 3.0 roadster hard-top,Alcopa Auction Lyon,11 760 €,OR+,V,,,11950,
BMW,08/05/2017,La Mézière,Z 3 2.8 roadster,Alcopa Auction Rennes,10 740 €,OR+,V,,,11950,
BMW,07/04/2017,Esvres sur Indre,Z 3 2.8 roadster hard-top,Alcopa Auction Tours,14 250 €,OR+,V,,,11950,
BMW,22/07/2013,Monaco,Z 3 2.2 l cabriolet,Artcurial Motorcars,21 060 €,OR+,V,,,11950,
BMW,22/07/2013,Monaco,Z 4 3.0 l cabriolet,Artcurial Motorcars,26 470 €,OR+,V,,,11950,
,,,,,,,,,,12123,
BMW,07/04/2019,Le Mans,Z 3 1.8 roadster,Marie Line Balsan / Dominique Pagneux,7 670 €,OR,V,,,12123,
BMW,16/06/2018,Fontainebleau,"Z 3 1.9 roadster Individual, hard-top",Osenat,10 680 €,OR+,V,,,12123,
BMW,14/04/2018,Lyon,Z 3 1.8 roadster,Aguttes,15 000 €,OR+,V,,,12123,
BMW,29/06/2017,Saint-Priest,Z 3 1.9 roadster hard-top,Alcopa Auction Lyon,5 080 €,OR,V,,,12123,
BMW,08/05/2017,La Mézière,Z 3 1.9 roadster,Alcopa Auction Rennes,4 880 €,OR,V,,,12123,
BMW,20/11/2016,Auvers sur Oise,Z 3 1.8 roadster,William Le Calvez,13 920 €,OR+,V,,,12123,
,,,,,,,,,,817,
BMW,20/08/2016,Monterey,M 1 berlinette,RM Sotheby's,509 900 €,OR+,V,,,817,
BMW,24/06/2016,Goodwood,M 1 berlinette,Bonhams,367 700 €,OR+,V,,,817,
BMW,09/10/2015,Knokke-le-Zoute,M 1 berlinette,Bonhams,465 750 €,OR+,V,,,817,
BMW,15/08/2015,Pebble Beach,M 1 berlinette,Gooding & Co.,415 846 €,OR+,V,,,817,
BMW,14/08/2015,Carmel,M 1 berlinette,Bonhams,536 660 €,OR+,V,,,817,
BMW,22/06/2015,Paris,"M 1 berlinette, première main",Artcurial Motorcars,405 280 €,OR,V,,,817,
BMW,12/03/2015,Amelia Island,M 1 berlinette,Bonhams,566 640 €,OR+,V,,,817,
BMW,04/02/2011,Paris,"M 1 berlinette ""série"" (4301146)",Artcurial Motorcars,110 000 €,OR+,V,,,817,
BMW,11/10/2010,Dubai,"M 1 berlinette, ex BMW Museum",Bonhams,176 000 €,OR+,V,,,817,
BMW,16/04/2007,Paris,"M 1 berlinette ""série""","Artcurial Briest, Le Fur, Poulai",80 000 €,OR+,V,,,817,
BMW,18/08/2006,Quail Lodge,"M 1 berlinette ""série""",Bonhams & Butterfields,70 400 €,OR+,V,,,817,
BMW,20/05/2006,Monaco (Bonhams),"M 1 berlinette ""série""",Bonhams,71 000 €,OR+,V,,,817,
,,,,,,,,,,12127,
BMW,06/02/2019,Paris,Alpina B 12 5.7 (E 31) coupé,RM Sotheby's,207 000 €,OR+,V,,,12127,
BMW,03/09/2016,Oxford,Alpina B 3 GT 3 coupé RHD,Silverstone Auctions,65 046 €,OR+,V,,,12127,
BMW,05/06/2016,Albi,6.35 d coupé bi-turbo,Stanislas Machoïr,23 400 €,OR+,V,,,12127,
,,,,,,,,,,12345,
BMW,25/02/2017,Coventry,Alpina B 12 5.0 (E 31) coupé RHD,Silverstone Auctions,81 900 €,OR+,V,,,12345,
,,,,,,,,,,11550,
BMW,08/03/2019,Amelia Island,850 CSi coupé V12 5.6 (380 ch),RM Sotheby,164 680 €,OR+,V,,,11550,
BMW,06/02/2019,Paris,850 CSi coupé V12 5.6 (380 ch) BV 6,RM Sotheby's,120 750 €,OR+,V,,,11550,
BMW,10/11/2018,Birmingham,850 CSi coupé RHD ex-Jay Kay,Silverstone Auction,97 850 €,OR+,V,,,11550,
BMW,30/09/2006,Ascot,850 CSi coupé RHD,Coys Auctions,9 000 €,OR+,V,,,11550,
,,,,,,,,,,11549,
BMW,30/09/2018,Linas,850 Ci coupé V12,Aguttes,15 340 €,REST,V,,,11549,
BMW,08/05/2017,La Mézière,850 Ci coupé,Alcopa Auction Rennes,10 290 €,OR,V,,,11549,
BMW,06/04/2015,Saint-James,850 Ci V12 coupé toit ouvrant,Toutain-Vente / M. Vaudouër,5 750 €,OR+,V,,,11549,
BMW,14/10/2012,Puymirol,850 Ci coupé V12,Lions club Agen/Me J.-P. Miserey/sarl Saint-Gal,9 200 €,OR,V,,,11549,
,,,,,,,,,,11509,
BMW,18/05/2019,Brooklands,850 i coupé V12 5.0 (300 ch) RHD,Historics at Brooklands,7 090 €,OR+,V,,,11509,
BMW,20/10/2018,Fontainebleau,850 i coupé,Osenat,16 800 €,OR+,V,,,11509,
BMW,24/06/2017,Santa Monica,850 i coupé V12 5.0 (300 ch),RM Sotheby's,17 690 €,OR+,V,,,11509,
BMW,29/04/2017,Toffen,850 i coupé,Oldtimer Galerie Toffen,17 330 €,OR,V,,,11509,
BMW,02/07/2016,Lyon,"850 i coupé toit ouvrant, boîte 6",Claude Aguttes,15 000 €,OR+,V,,,11509,
BMW,06/06/2015,Brooklands,850 i coupé,Historics at Brooklands,10 778 €,OR+,V,,,11509,
BMW,07/12/2012,Barcelone,750 i L V12 berline blindée,Stanislas Machoïr,2 000 €,OR,V,,,11509,
BMW,27/04/2009,Paris,850 i coupé V12 5.0 (300 ch),Artcurial,5 500 €,OR,V,,,11509,
BMW,21/10/2007,Salzbourg,850 i coupé V12,Dorotheum,7 000 €,OR,V,,,11509,
BMW,23/04/2006,Paris,"850 i coupé V12, moteur 326 ch","Artcurial Briest, Le Fur, Poulai",10 500 €,OR+,V,,,11509,
,,,,,,,,,,11548,
BMW,10/04/2019,Buxton,840 Ci coupé V8 4.0 (286 ch) RHD,H and H,9 660 €,OR+,V,,,11548,
BMW,23/02/2019,Birmingham,840 Ci coupé V8 4.0 (286 ch) RHD,Silverstone Auctions,18 460 €,OR+,V,,,11548,
BMW,22/09/2018,Brooklands,840 Ci coupé RHD,Historics at Brooklands,11 520 €,OR+,V,,,11548,
BMW,19/05/2018,Brooklands,840 Ci coupé RHD,Historics at Brooklands,13 380 €,OR+,V,,,11548,
BMW,13/05/2017,Silverstone,840 Ci coupé RHD,Silverstone Auctions,24 200 €,OR+,V,,,11548,
BMW,26/11/2016,Brooklands,840 Ci coupé,Historics at Brooklands,7 176 €,OR+,V,,,11548,
BMW,31/10/2016,La Mézière,840 Ci coupé autom. toit ouvrant,Alcopa Auction,12 452 €,OR,V,,,11548,
BMW,16/02/2012,Buxton,840 Ci Sport coupé RHD autom.,H & H Classic Auctions,8 609 €,OR+,V,,,11548,
BMW,01/10/2010,Buxton,840 Ci coupé RHD,H & H Classic Auctions,3 040 €,OR,V,,,11548,
BMW,07/02/2006,Sandown Park,840 Ci coupé RHF autom.,Barons,9 300 €,OR+,V,,,11548,
,,,,,,,,,,12124,
BMW,14/10/2017,Toffen,750 i V12 (E 38) berline,Oldtimer Galerie Toffen,14 090 €,OR+,V,,,12124,
,,,,,,,,,,12128,
BMW,22/09/2018,Brooklands,Alpina B 12 5.7 (E 32) berline longue RHD,Historics at Brooklands,25 170 €,OR+,V,,,12128,
BMW,25/03/2018,Avignon,Alpina B 12 5.0 (E 32) berline,Leclère,19 200 €,OR,V,,,12128,
,,,,,,,,,,12010,
BMW,11/04/2019,Essen,750 i / 750 iL V12 (E 32) berline,RM Sotheby's,10 930 €,OR+,V,,,12010,
BMW,08/10/2017,Jouy-sur-Morin,750 iAL V12 (E 32) berline,Crait-Muller,6 200 €,OR+,V,,,12010,
,,,,,,,,,,9068,
BMW,13/10/2018,Sains-lès-Fressins,735 iL (E 32) berline,Jauffrey Burgeat,460 €,SEP,V,,,9068,
BMW,24/03/2018,Fontainebleau,745 i (E 23) berline autom. toit ouvrant,Osenat,7 800 €,OR,V,,,9068,
BMW,09/10/2016,Château sur Epte,"745 i (E 23) berline, moteur 735",Artcurial Motorcars,3 040 €,OR/TR,V,,,9068,
BMW,07/10/2012,Cerizay,750 i L berline V12 toit ouvrant,Jack-Philippe Ruellan / D. Pagneux,2 602 €,OR,V,,,9068,
BMW,12/08/2012,Nysted,728 i berline,RM Auctions,1 201 €,OR,V,,,9068,
BMW,22/07/2012,Uzerche,728 i (E 23) berline,Me Arnaud-Lacroze,403 €,SEP,V,,,9068,
,,,,,,,,,,12343,
BMW,14/10/2017,Toffen,745 i turbo (E 23) berline,Oldtimer Galerie Toffen,15 060 €,OR+,V,,,12343,
,,,,,,,,,,12009,
BMW,26/05/2019,Les Essarts,728 i (E 23) berline autom.,HdV de la Seine (Me Chéroyan) / M. Séné,240 €,EP/INC,V,,,12009,
BMW,13/10/2018,Sains-lès-Fressins,728 i (E 23) berline,Jauffrey Burgeat,580 €,SEP,V,,,12009,
BMW,13/10/2018,Sains-lès-Fressins,730 i (E 32) berline,Jauffrey Burgeat,350 €,SEP,V,,,12009,
BMW,06/02/2017,La Mézière,728 i berline,Alcopa Auction Rennes,4 980 €,OR+,V,,,12009,
BMW,16/10/2016,L'Aigle,728 i berline 5 vitesses,Orne Enchères / M. Pagneux,720 €,OR-,V,,,12009,
,,,,,,,,,,10980,
BMW,06/02/2019,Paris,Alpina B 7 turbo coupé (300 ch),RM Sotheby's,97 750 €,OR+,V,,,10980,
BMW,01/10/2011,Munich,Alpina B 7 S turbo coupé (330 ch),Bonhams,40 000 €,OR+,V,,,10980,
,,,,,,,,,,9066,
BMW,30/03/2019,Toffen,635 CSi coupé (218 ch),Oldtimer Galerie,12 530 €,OR,V,,,9066,
BMW,08/02/2019,Paris,635 CSi coupé Gr A,Artcurial,220 520 €,OR+,V,,,9066,
BMW,27/10/2018,Padoue,635 CSi coupé,Bonhams,17 250 €,OR+,V,,,9066,
BMW,05/10/2018,Knokke le Zoute,635 CSi coupé toit ouvrant LHD,Bonhams,69 000 €,OR+,V,,,9066,
BMW,21/07/2018,Silverstone,635 CSi coupé RHD,Silverstone Auctions,17 010 €,OR,V,,,9066,
BMW,19/05/2018,Brooklands,635 CSi coupé RHD,Historics at Brooklands,27 360 €,OR+,V,,,9066,
BMW,12/05/2018,Monaco,635 CSi coupé Gr. A ex-Frank Sytner,RM Sotheby's,297 500 €,REST/TR,V,,,9066,
BMW,19/01/2018,Scottsdale,635 CSi coupé,Gooding & Co,62 990 €,REST+,V,,,9066,
BMW,11/11/2017,Lyon,635 CSi coupé (218 ch),Aguttes,13 850 €,OR,V,,,9066,
BMW,24/09/2017,Montlhéry,635 CSi coupé (218 ch),Aguttes,36 850 €,OR+,V,,,9066,
BMW,11/09/2017,La Mézière,635 CSi coupé (218 ch),Alcopa Auction,13 270 €,REST,V,,,9066,
BMW,08/05/2017,La Mézière,635 CSi coupé toit ouvrant,Alcopa Auction Rennes,9 610 €,OR,V,,,9066,
BMW,08/05/2017,La Mézière,"635 CSi coupé, boîte Sport, jantes BBS",Alcopa Auction Rennes,22 290 €,OR+,V,,,9066,
BMW,29/04/2017,Toffen,635 CSi coupé,Oldtimer Galerie Toffen,6 120 €,OR,V,,,9066,
BMW,25/03/2017,Mexico,635 CSi coupé ex-USA,Stanislas Machoïr,10 330 €,OR+,V,,,9066,
BMW,25/11/2016,Milan,635 CSi coupé ETCC Gr. A,RM Sotheby's,162 400 €,OR/TR,V,,,9066,
,,,,,,,,,,9065,
BMW,15/06/2019,Fontainebleau,633 CSi coupé,Jean-Pierre Osenat,16 560 €,OR+,V,,,9065,
BMW,01/04/2018,Le Mans,633 CSi coupé,Marie Line Balsan,1 700 €,OR-,V,,,9065,
BMW,07/02/2018,Paris,633 CSi coupé ex-Abba,RM Sotheby's,34 500 €,OR+,V,,,9065,
BMW,15/10/2017,Moulineaux,633 CSi coupé,"HDV de la Seine, Guillaume Cheroyan",20 260 €,OR+,V,,,9065,
BMW,08/10/2017,Jouy-sur-Morin,635 CSi coupé pack carrosserie usine,Crait-Muller,23 720 €,OR+,V,,,9065,
BMW,11/05/2012,Monaco,633 CSi coupé mécan.,Bonhams,6 325 €,REST,V,,,9065,
BMW,01/10/2011,Munich,633 CSi coupé,Bonhams,7 500 €,REST,V,,,9065,
BMW,01/10/2011,Munich,633 CSi coupé,Bonhams,7 500 €,OR,V,,,9065,
BMW,03/05/2009,Toffen,633 CSi coupé autom.,Oldtimer Galerie Toffen,3 000 €,OR,V,,,9065,
BMW,22/11/2006,Buxton,633 CSi coupé RHD autom.,H & H Classic Auctions,1 200 €,OR,V,,,9065,
BMW,25/06/2006,Nogent le Rotrou,"633 CSi coupé, sellerie cuir",SVV Ecklé / M. Pagneux,3 300 €,OR+,V,,,9065,
BMW,28/02/2006,Londres,633 CSi coupé RHD autom. toit ouvrant,Coys,4 500 €,OR+,V,,,9065,
,,,,,,,,,,9064,
BMW,11/09/2017,La Mézière,630 CS coupé,Alcopa Auction,6 710 €,REST,V,,,9064,
BMW,01/10/2011,Munich,630 CS coupé,Bonhams,7 000 €,OR,V,,,9064,
,,,,,,,,,,9063,
BMW,22/09/2018,Toulouse,"628 CSi coupé, jantes BBS",Stanislas Machoïr,10 800 €,OR+,V,,,9063,
BMW,16/06/2018,Fontainebleau,628 CSi coupé autom.,Osenat,9 120 €,OR,V,,,9063,
BMW,20/11/2016,Auvers sur Oise,628 CSi coupé,William Le Calvez,8 932 €,OR+,V,,,9063,
BMW,05/06/2016,Albi,628 CSi coupé,Stanislas Machoïr,8 400 €,OR,V,,,9063,
BMW,15/03/2015,Fontainebleau,628 CSi coupé 5 vitesses,Jean-Pierre Osenat,4 200 €,OR+,V,,,9063,
BMW,09/10/2011,Montastruc la conseillère,628 CSi coupé,FEE Machoir / D. Pouteau,5 000 €,OR,V,,,9063,
BMW,08/12/2010,Buxton,628 CSi coupé RHD,H & H Classic Auctions,1 920 €,OR,V,,,9063,
BMW,25/04/2006,Sandown Park,628 CSi coupé RHD 5 vitesses,Barons,2 670 €,OR,V,,,9063,
,,,,,,,,,,8555,
BMW,05/10/2018,Knokke le Zoute,3.0 CSL coupé (Batmobile) LHD,Bonhams,178 250 €,REST,V,,,8555,
BMW,22/09/2018,Brooklands,3.0 CSL coupé re-création Batmobile,Historics at Brooklands,75 050 €,REST/TR,V,,,8555,
BMW,19/01/2017,Scottsdale,3.0 CSL coupé,Bonhams,307 980 €,REST,V,,,8555,
BMW,19/08/2011,Monterey,"3.0 CSL coupé 3 153 cm3 ""Batmobile""",RM Auctions,114 840 €,REST,V,,,8555,
BMW,11/10/2010,Dubai,"3.0 CSL ""Batmobile"" ex-BMW Museum",Bonhams,145 600 €,REST+,V,,,8555,
BMW,01/05/2010,Monaco,"3.0 CSL coupé 3 153 cm3 ""Batmobile""",RM Auctions,115 000 €,REST+,V,,,8555,
BMW,30/04/2010,Monaco,"3.0 CSL coupé 3 153 cm3 ""Batmobile""",Bonhams,82 000 €,REST+,V,,,8555,
BMW,26/06/2006,Londres,"3.0 CSL coupé ""Batmobile"" LHD (2275512)",Christie's,108 000 €,REST+,V,,,8555,
,,,,,,,,,,8554,
BMW,03/12/2018,Londres,3.0 CSL coupé RHD (3003 cm3),Bonhams,82 560 €,REST+,V,,,8554,
BMW,25/11/2017,Brooklands,3.0 CSL coupé 3003 cm3 pack ville RHD,Historics at Brooklands,160 920 €,OR+,V,,,8554,
BMW,03/09/2016,Beaulieu,3.0 CSL coupé RHD,Bonhams,76 500 €,OR,V,,,8554,
BMW,24/06/2016,Goodwood,3.0 CSL coupé RHD,Bonhams,123 780 €,REST,V,,,8554,
BMW,06/02/2015,Paris,3.0 CSL coupé pack ville,Artcurial Motorcars,131 120 €,REST,V,,,8554,
BMW,12/05/2012,Monaco,3.0 CSL coupé 3003 cm3 pack ville,RM Auctions,53 200 €,OR+,V,,,8554,
BMW,19/04/2012,Duxford,3.0 CSL coupé RHD,H & H Classic Auctions,16 574 €,OR-,V,,,8554,
BMW,01/10/2011,Munich,3.0 CSL coupé 3 003 cm3 pack ville,Bonhams,65 000 €,REST,V,,,8554,
BMW,27/10/2010,London,3.0 CSL coupé 3 003 cm3 pack ville,RM Auctions,49 280 €,REST,V,,,8554,
BMW,09/07/2010,Le Mans,3.0 CSL coupé 3 003 cm3 pack ville,Artcurial Motocars,39 000 €,OR+,V,,,8554,
BMW,02/06/2010,Brooklands,3.0 CSL coupé RHD,Historics at Brooklands,12 430 €,REST,V,,,8554,
BMW,24/03/2010,Leominster,3.0 CSL coupé RHD (2285203),Brightwells,23 320 €,OR,V,,,8554,
BMW,13/01/2007,Birmingham,3.0 CSL coupé RHD préparé Gr. 1 (2285303),Coys,36 430 €,TR,V,,,8554,
,,,,,,,,,,815,
BMW,23/02/2018,Coventry,3.0 CSL coupé RHD,Silverstone Auction,121 440 €,REST,V,,,815,
BMW,31/05/2017,Ascot,3.0 CSL coupé RHD,Historics at Brooklands,62 490 €,OR-,V,,,815,
BMW,13/05/2017,Silverstone,3.0 CSL coupé RHD,Silverstone Auctions,109 280 €,OR,V,,,815,
BMW,28/01/2016,Phoenix,3.0 CSL coupé,RM Sotheby's,116 820 €,REST,V,,,815,
BMW,28/01/2016,Scottsdale,3.0 CSL coupé (Batmobile),Bonhams,312 270 €,REST+,V,,,815,
BMW,01/11/2015,Paris,3.0 CSL coupé allégé prép. Gr. 2 Heidegger,Artcurial Motorcars,250 320 €,EX,V,,,815,
BMW,14/08/2015,Carmel,3.0 CSL coupé ,Bonhams,167 400 €,OR+,V,,,815,
BMW,28/04/2013,Montastruc,3.0 CSL coupé ,Stanislas Machoïr,84 000 €,OR,V,,,815,
,,,,,,,,,,814,
BMW,10/05/2019,Chipping Norton,3.0 CSi coupé LHD,Silverstone Auctions,43 620 €,OR+,V,,,814,
BMW,10/05/2019,Chipping Norton,3.0 CSi coupé RHD,Silverstone Auctions,48 170 €,REST,V,,,814,
BMW,20/03/2019,Duxford,3.0 CSi coupé RHD,H and H,81 200 €,REST,V,,,814,
BMW,01/09/2018,Beaulieu,3.0 CSi coupé RHD,Bonhams,16 670 €,OR-,V,,,814,
BMW,14/10/2017,Toffen,3.0 CSi coupé,Oldtimer Galerie Toffen,32 540 €,OR,V,,,814,
BMW,25/11/2016,Milan,3.0 CSi coupé,RM Sotheby's,50 400 €,OR,V,,,814,
BMW,07/10/2016,Knokke le Zoute,3.0 CSi coupé,Bonhams,59 800 €,REST,V,,,814,
BMW,06/06/2015,Auvers sur Oise,3.0 CSi coupé,SVV Le Calvez & Associés,23 660 €,OR+,V,,,814,
BMW,27/02/2015,Berlin,"3.0 CSi coupé, sellerie cuir",Auctionata,32 190 €,OR+,V,,,814,
BMW,19/04/2012,Duxford,3.0 CSi coupé évolution “Batmobile” Gr. 4,H & H Classic Auctions,164 270 €,TR,V,,,814,
BMW,01/10/2011,Munich,3.0 CSi coupé,Bonhams,27 500 €,OR+/EX,V,,,814,
BMW,24/06/2007,Tours,"3.0 CSi coupé LHD, boîte 5, int.cuir",SVV Chinon (M. Herbelin) / M. So,20 500 €,REST+,V,,,814,
BMW,28/04/2007,Toffen,"3.0 CSi coupé, jantes alu",Oldtimer Galerie Toffen,10 080 €,OR,V,,,814,
BMW,30/11/2006,Londres,3.0 CSi coupé RHD toit ouvrant,Coys Auctions,12 750 €,OR+,V,,,814,
,,,,,,,,,,813,
BMW,01/09/2018,Beaulieu,3.0 CS coupé RHD autom.,Bonhams,15 390 €,OR-,V,,,813,
BMW,08/03/2018,Amelia Island,3.0 CS coupé,Bonhams,32 460 €,OR,V,,,813,
BMW,18/01/2018,Scottsdale,3.0 CS coupé,Bonhams,35 500 €,REST,V,,,813,
BMW,24/06/2017,Santa Monica,3.0 CS coupé,RM Sotheby's,27 520 €,OR+,V,,,813,
BMW,29/04/2017,Toffen,3.0 CS coupé,Oldtimer Galerie Toffen,24 470 €,OR,V,,,813,
BMW,19/01/2017,Scottsdale,3.0 CS coupé,Bonhams,62 080 €,REST,V,,,813,
BMW,23/06/2013,Fontainebleau,3.0 CS coupé,Jean-Pierre Osenat,15 488 €,OR+,V,,,813,
BMW,01/12/2012,Toffen,3.0 CS Coupé mécan.,Oldtimer Galerie,16 723 €,OR+,V,,,813,
BMW,09/10/2011,Montastruc la conseillère,3.0 CS coupé automatique,FEE Machoir / D. Pouteau,12 000 €,OR+,V,,,813,
BMW,17/10/2010,Fontainebleau,"3.0 CS coupé LHD autom., int.cuir",Jean-Pierre Osenat,6 000 €,OR,V,,,813,
BMW,01/12/2007,Toffen,"3.0 CS coupé LHD autom., sellerie cuir",Oldtimer Galerie Toffen,5 530 €,OR,V,,,813,
BMW,28/11/2006,Blackbushe,3.0 CS coupé RHD autom.,BCA Classic & Historic,4 310 €,OR+,V,,,813,
BMW,25/11/2006,Toffen,3.0 CS coupé mécan.,Oldtimer Galerie Toffen,11 050 €,OR,V,,,813,
BMW,22/10/2006,Reims,3.0 CS Automatic coupé,SVV Guizzetti & Collet / M. Meun,5 000 €,REST-,V,,,813,
,,,,,,,,,,812,
BMW,29/05/2019,Auburn,2800 CS coupé clim,RM Sotheby's,26 570 €,REST,V,,,812,
BMW,28/11/2018,Buxton,2800 CS coupé RHD,H and H,26 020 €,REST,V,,,812,
BMW,09/02/2018,Paris,Alpina B 6 2.8 coupé,Artcurial,116 000 €,REST,V,,,812,
BMW,28/10/2017,padoue,2800 CS coupé,Bonhams,32 200 €,OR+,V,,,812,
BMW,10/11/2016,Fayence,2800 CS coupé,Jean-Pierre Osenat,6 000 €,EP,V,,,812,
BMW,15/09/2007,Toffen,2800 CS coupé,Oldtimer Galerie Toffen,11 050 €,REST,V,,,812,
BMW,23/07/2006,Uzerche,2800 CS coupé LHD mécan.,Me Arnaud-Lacroze / M. Saint-Gal,5 400 €,OR+,V,,,812,
,,,,,,,,,,816,
BMW,07/03/2014,Amelia Island,M 1 berlinette série,Gooding & Co,273 240 €,OR+,V,,,816,
,,,,,,,,,,803,
BMW,08/03/2019,Amelia Island,3.0 S berline,Gooding & Co,25 950 €,OR+,V,,,803,
BMW,09/09/2017,Goodwood,3.0 S berline automatique,Bonhams,15 120 €,OR+,V,,,803,
BMW,01/10/2011,Munich,3.0 SA berline automatique,Bonhams,7 000 €,OR+,V,,,803,
BMW,01/10/2011,Munich,3.0 S berline,Bonhams,21 000 €,OR+/EX,V,,,803,
BMW,01/10/2011,Munich,3.0 S berline,Bonhams,10 000 €,OR+/EX,V,,,803,
BMW,28/11/2009,Toffen,3.0 S berline LHD autom.,Oldtimer Galerie Toffen,2 600 €,OR,V,,,803,
,,,,,,,,,,802,
BMW,23/04/2016,Brazey en Plaine,2800 berline,HdV Victor Hugo,234 €,EP,V,,,802,
BMW,01/10/2011,Munich,2800 berline,Bonhams,19 000 €,REST+/EX,V,,,802,
BMW,25/07/2010,Uzerche,2800 berline (sans CG),Me Arnaud-Lacroze / M. Saint-Gal,100 €,SEP,V,,,802,
,,,,,,,,,,801,
BMW,02/03/2019,Ascott,2500 E3 berline RHD,Historics at Brooklands,18 540 €,OR+,V,,,801,
BMW,21/10/2018,Paris,2500 berline,Leclère MDV,12 000 €,OR+,V,,,801,
BMW,17/06/2006,Fontainebleau,2500 berline LHD mécan.,J.P. Osenat / Fondation Lejeune,1 000 €,OR+,V,,,801,
,,,,,,,,,,12129,
BMW,15/06/2019,Fontainebleau,524 TD (E 34) berline mécan.,Jean-Pierre Osenat,3 120 €,OR,V,,,12129,
BMW,07/07/2018,Brooklands,540 i (E 39) berline (kit carr. Alpina),Historics at Brooklands,4 620 €,OR,V,,,12129,
BMW,07/06/2017,Fléville devant Nancy,M 5 (E 39) berline V8,Alcopa Auction Nancy,13 230 €,OR,V,,,12129,
BMW,13/05/2017,Silverstone,Alpina B 10 bi-turbo (E 34) berline RHD,Silverstone Auctions,49 870 €,OR+,V,,,12129,
,,,,,,,,,,12125,
BMW,11/04/2019,Essen,M 5 (E 39),RM Sotheby's,28 750 €,OR+,V,,,12125,
BMW,28/11/2018,Buxton,525 iX Touring (E 34) RHD man.,H and H,3 620 €,OR+,V,,,12125,
BMW,24/08/2018,Pebble Beach,M 5 4.9 berline 30e anniversaire,Gooding & Co,127 670 €,OR+,V,,,12125,
BMW,24/08/2018,Pebble Beach,M 5 4.9 (E 39) berline,Gooding & Co,151 310 €,OR+,V,,,12125,
BMW,18/03/2018,Goodwood,M 5 V8 4.9 (E 39) RHD,Bonhams,30 200 €,OR+,V,,,12125,
BMW,25/11/2017,Brooklands,M 5 3.8 (E 34) berline,Historics at Brooklands,19 790 €,OR+,V,,,12125,
BMW,11/09/2017,La Mézière,M 5 (E 39) berline,Alcopa Auction,12 710 €,OR,V,,,12125,
,,,,,,,,,,12126,
BMW,29/03/2019,Fort Lauderdale,M 5 3.6 (E 34) berline,RM Sotheby,58 740 €,OR+,V,,,12126,
BMW,17/11/2018,Turin,M 5 3.6 (E 34) berline,Aste Bolaffi,19 550 €,OR,V,,,12126,
BMW,08/05/2017,La Mézière,M 5 3.5 (E 34) berline toit ouvrant,Alcopa Auction Rennes,15 840 €,OR,V,,,12126,
,,,,,,,,,,10979,
BMW,11/04/2019,Essen,Alpina B 9 3.5 (E 28) berline 245 ch,RM Sotheby's,51 750 €,OR+,V,,,10979,
BMW,06/02/2019,Paris,Alpina B 9 3.5 (E 28) berline 245 ch,RM Sotheby's,60 380 €,OR+,V,,,10979,
BMW,14/10/2017,Toffen,Alpina B 9 3.5 (E 28) berline 245 ch,Oldtimer Galerie Toffen,25 260 €,OR,V,,,10979,
BMW,02/07/2017,Monaco,Alpina B 9 3.5 (E 28) berline,Artcurial Motorcars,29 150 €,OR+,V,,,10979,
BMW,16/02/2012,Buxton,M 5 berline RHD mécan.,H & H Classic Auctions,4 503 €,OR+,V,,,10979,
,,,,,,,,,,12130,
BMW,11/04/2019,Essen,Alpina B 7 turbo (E 28) berline,RM Sotheby's,46 000 €,OR+,V,,,12130,
BMW,06/02/2019,Paris,Alpina B 7 S turbo (E 28) berline,RM Sotheby's,138 000 €,REST,V,,,12130,
,,,,,,,,,,9062,
BMW,08/03/2017,Fléville devant Nancy,"M 5 V10 berline, boîte SGM 7",Alcopa Auction Nancy,26 110 €,OR,V,,,9062,
BMW,10/02/2017,Paris,"M 5 (E 28) berline toit ouvrant, ex-Didier Pironi",Artcurial Motorcars,33 280 €,OR+,V,,,9062,
BMW,19/08/2016,Carmel,M 5 (E 28) berline USA toit ouvrant,Bonhams,42 800 €,OR+,V,,,9062,
BMW,11/04/2011,London,M 5 3.8 berline 340 ch LHD,Bonhams,3 310 €,OR+,V,,,9062,
BMW,11/09/2010,Beaulieu,M 5 (E 28) berline 286 ch,Bonhams,12 380 €,OR+,V,,,9062,
BMW,21/04/2008,Londres,M 5 berline RHD,Bonhams,4 590 €,OR+,V,,,9062,
,,,,,,,,,,9061,
BMW,11/09/2017,La Mézière,M 535 i (E 28) berline 218 ch,Alcopa Auction,16 290 €,OR+,V,,,9061,
,,,,,,,,,,9060,
BMW,30/01/2010,Kings Lynn,535 i (E 34) berline RHD mécan.,Anglia Car Auctions,1 820 €,OR+,V,,,9060,
,,,,,,,,,,12132,
BMW,13/10/2018,Sains-lès-Fressins,530 i (E 28) berline,Jauffrey Burgeat,1 040 €,SEP,V,,,12132,
BMW,13/05/2017,Echarcon,528 i (E 28) berline,AuctionArt (Rémy Le Fur) / M. Bonoron,440 €,SEP,V,,,12132,
BMW,17/04/2017,Saint-James,525 D (E 39) berline,Toutain-Vente / M. Vaudouër,2 120 €,OR,V,,,12132,
BMW,10/11/2016,Fayence,520 i (E 28) berline RHD,Jean-Pierre Osenat,250 €,EP,V,,,12132,
,,,,,,,,,,12342,
BMW,30/03/2019,Toffen,525 e (E 28) berlne,Oldtimer Galerie,5 510 €,OR+,V,,,12342,
,,,,,,,,,,12340,
BMW,13/10/2018,Sains-lès-Fressins,524 TD (E 28) berline autom.,Jauffrey Burgeat,690 €,SEP,V,,,12340,
,,,,,,,,,,12339,
BMW,08/05/2017,La Mézière,"518 (E 28) berline, jantes alu",Alcopa Auction Rennes,4 850 €,OR+,V,,,12339,
,,,,,,,,,,9059,
BMW,01/05/2007,Sandown Park,M 535 i (E 12) berline RHD,Barons Auctions,3 150 €,OR+,V,,,9059,
,,,,,,,,,,12338,
BMW,17/03/2019,Paris,528 berline,Claude Aguttes,13 160 €,OR+,V,,,12338,
BMW,14/10/2017,Toffen,528 E12 berline,Oldtimer Galerie Toffen,4 860 €,OR,V,,,12338,
,,,,,,,,,,10977,
BMW,14/10/2017,Toffen,525 E12 berline,Oldtimer Galerie Toffen,8 740 €,OR+,V,,,10977,
,,,,,,,,,,10976,
BMW,08/04/2017,Jouy sur Morin,520/6 berline,HdV Coulommiers (Valérie Bouvier),4 580 €,OR+,V,,,10976,
BMW,06/02/2017,La Mézière,520/6 berline,Alcopa Auction Rennes,4 640 €,OR+,V,,,10976,
BMW,01/09/2012,Richelieu,520 i berline autom.,SCP Act'huis / M. Pagneux,515 €,SEP,V,,,10976,
BMW,17/06/2006,Fontainebleau,520/6 berline autom.,J.P. Osenat / Fondation Lejeune,500 €,OR-,V,,,10976,
BMW,19/09/2009,Kaufdorf,520 (E 12) berline,Oldtimer Galerie Toffen,2 510 €,OR,V,,,10976,
,,,,,,,,,,10975,
BMW,31/05/2017,Ascot,520 i Luxe (E 12) berline,Historics at Brooklands,5 600 €,OR+,V,,,10975,
BMW,07/02/2015,Paris,520/6 berline,EVE Auctions / M. Pagneux,4 810 €,OR+,V,,,10975,
,,,,,,,,,,12337,
BMW,15/10/2017,Moulineaux,520 (E 12) berline automatique,"HDV de la Seine, Guillaume Cheroyan",4 050 €,OR,V,,,12337,
,,,,,,,,,,12451,
BMW,18/03/2018,Goodwood,M 3 3.2 (E 46) coupé,Bonhams,30 850 €,OR+,V,,,12451,
BMW,10/03/2018,Amelia Island,M 3 (E 46) GT V8 Grand-Am PTG,RM Sotheby,159 490 €,REST,V,,,12451,
,,,,,,,,,,12134,
BMW,29/06/2017,Saint-Priest,330 Ci (E 46) Cabriolet autom.,Alcopa Auction Lyon,7 570 €,OR+,V,,,12134,
BMW,08/05/2017,La Mézière,330 Ci (E 46) Cabriolet hard-top,Alcopa Auction Rennes,9 500 €,OR,V,,,12134,
BMW,06/05/2017,L'Aigle,"330 i (E 46) Coupé Steptronic, int. cuir",Orne Enchères / M. Pagneux,4 800 €,OR+,V,,,12134,
,,,,,,,,,,12527,
BMW,11/04/2019,Essen,M3 E46 CSL,RM Sotheby's,97 750 €,OR+,V,,,12527,
,,,,,,,,,,12335,
BMW,10/06/2017,Lyon,M 3 (E 36) Cabriolet hard-top,Claude Aguttes,27 720 €,OR+,V,,,12335,
BMW,25/11/2016,Milan,M 3 (E 46) Cabriolet hard-top,RM Sotheby's,42 560 €,OR+,V,,,12335,
,,,,,,,,,,12135,
BMW,18/05/2019,Brooklands,M 3 3.0 (E 36) RHD,Historics at Brooklands,18 480 €,OR+,V,,,12135,
BMW,11/11/2018,Lyon,M 3 3.0 (E 36),Osenat,21 600 €,OR+,V,,,12135,
BMW,11/11/2017,Lyon,M 3 GT (E 36),Aguttes,42 450 €,OR+,V,,,12135,
BMW,24/09/2017,Montlhéry,M 3 3.2 (E 36),Aguttes,29 740 €,OR+,V,,,12135,
BMW,10/03/2017,Amelia Island,M 3 3.0 (E 36),Gooding & Co.,130 360 €,OR+,V,,,12135,
BMW,25/11/2016,Milan,M 3 3.0 (E 36) préparée course,RM Sotheby's,21 280 €,TR,V,,,12135,
BMW,05/11/2016,Lyon,M 3 3.0 (E 36) Cabriolet,Claude Aguttes,16 800 €,OR,V,,,12135,
,,,,,,,,,,12449,
BMW,15/05/2019,Leominster,328 i (E 36) Cabriolet automatique RHD + hardtop,Brightwells,3 150 €,OR,V,,,12449,
BMW,01/05/2019,ONLINE,328 i (E 36) Cabriolet RHD,H and H,6 030 €,OR+,V,,,12449,
BMW,02/03/2019,Ascott,328 i (E 36) Cabriolet RHD,Historics at Brooklands,2 630 €,OR,V,,,12449,
BMW,19/05/2018,Brooklands,328 i (E 36) Cabriolet RHD autom.,Historics at Brooklands,2 610 €,OR,V,,,12449,
BMW,20/01/2018,Fontainebleau,318 i (E 36) Cabriolet,Osenat,5 400 €,OR,V,,,12449,
,,,,,,,,,,12136,
BMW,30/09/2018,Linas,323 ti Compact (E 36) 3 portes,Aguttes,8 260 €,OR+,V,,,12136,
BMW,08/05/2017,La Mézière,318 i (E 36) Cabriolet,Alcopa Auction Rennes,3 090 €,OR,V,,,12136,
,,,,,,,,,,12447,
BMW,23/06/2018,La Boissière,318 i (E 36) Cabriolet,Eric Couturier,1 890 €,OR,V,,,12447,
,,,,,,,,,,12137,
BMW,19/01/2017,Phoenix,Alpina B 6 2.8 (E 30),RM Sotheby's,48 550 €,OR+,V,,,12137,
,,,,,,,,,,10968,
BMW,09/02/2018,Paris,M 3 Cabriolet (E 30),Artcurial,75 100 €,OR,V,,,10968,
BMW,02/09/2017,Blenheim Palace,M 3 (E 30) Cabriolet 215 ch,Silverstone Auctions,61 670 €,OR+,V,,,10968,
BMW,03/09/2016,Oxford,M 3 (E 30) cabriolet,Silverstone Auctions,71 091 €,OR+,V,,,10968,
,,,,,,,,,,11762,
BMW,28/09/2018,Southam,M 3 (E 30) Sport Evolution II,Silverstone Auctions,73 170 €,REST,V,,,11762,
BMW,21/07/2018,Silverstone,M 3 (E 30) Sport Evolution,Silverstone Auctions,151 160 €,OR+,V,,,11762,
BMW,24/09/2017,Montlhéry,"M 3 (E 30) Evolution 2,5 l 286 ch",Aguttes,59 730 €,REST/TR,V,,,11762,
BMW,01/11/2015,Paris,M 3 (E 30) Sport Evolution 238 ch,Artcurial Motorcars,89 400 €,OR+,V,,,11762,
,,,,,,,,,,9058,
BMW,08/03/2019,Amelia Island,M 3 (E 30) Evolution 215/220 ch,Gooding & Co,82 340 €,OR+,V,,,9058,
BMW,10/11/2018,Birmingham,M 3 (E 30) Evo Johnny Cecotto Edition ex-Jay Kay,Silverstone Auction,97 850 €,OR+,V,,,9058,
BMW,23/02/2018,Coventry,M 3 (E 30) Evolution,Silverstone Auction,39 630 €,REST,V,,,9058,
BMW,10/03/2017,Amelia Island,M 3 (E 30) Evolution Cabriolet,Gooding & Co.,78 710 €,OR+,V,,,9058,
BMW,25/11/2016,Milan,M 3 (E 30) Evolution,RM Sotheby's,47 040 €,OR+,V,,,9058,
BMW,15/09/2012,Goodwood,M 3 (E 30) Evolution LHD,Bonhams,16 351 €,REST,V,,,9058,
,,,,,,,,,,9057,
BMW,08/03/2019,Amelia Island,M 3 (E 30) coach 195/200 ch,Gooding & Co,84 830 €,REST,V,,,9057,
BMW,08/03/2019,Amelia Island,M 3 (E 30) coach 195/200 ch,RM Sotheby,87 330 €,OR+,V,,,9057,
BMW,21/10/2018,Paris,M 3 (E 30) 2 portes toit ouvrant,Leclère MDV,49 000 €,OR+,V,,,9057,
BMW,24/08/2018,Pebble Beach,M 3 (E 30) 2 portes,Gooding & Co,118 210 €,OR+,V,,,9057,
BMW,12/11/2017,Lyon,M 3 (E 30) coach 195/200 ch,Osenat,64 800 €,REST,V,,,9057,
BMW,14/10/2017,Toffen,M 3 (E 30) coach Cecotto,Oldtimer Galerie Toffen,65 570 €,OR+,V,,,9057,
BMW,10/06/2017,Lyon,M 3 (E 30) 2 portes toit ouvrant,Claude Aguttes,54 120 €,OR+,V,,,9057,
BMW,13/05/2017,Silverstone,M 3 (E 30) 2 portes LHD,Silverstone Auctions,68 940 €,OR+,V,,,9057,
BMW,26/03/2017,Avignon,M 3 (E 30) 2 portes,Leclère MDV,54 000 €,OR+,V,,,9057,
BMW,25/02/2017,Coventry,M 3 (E 30) LHD,Silverstone Auctions,40 590 €,OR+,V,,,9057,
BMW,25/11/2016,Milan,M 3 (E 30) coach préparé,RM Sotheby's,33 600 €,REC,V,,,9057,
BMW,24/09/2016,Rochefort,M 3 (E 30) coach,Rochefort Oléron Enchères,62 100 €,REST,V,,,9057,
BMW,24/04/2016,Montastruc,M 3 (E 30) coach Evo 3 238 ch,Stanislas Machoïr,91 200 €,OR+,V,,,9057,
BMW,17/10/2015,Beauzelle,M 3 (E 30) coach 192 ch,Arnauné & Prim,53 310 €,OR+,V,,,9057,
BMW,14/08/2015,Carmel,M 3 (E 30) coach 192 ch,Bonhams,86 160 €,OR+,V,,,9057,
BMW,02/07/2010,Goodwood,M 3 (E 30) coach LHD,Bonhams,10 780 €,OR+,V,,,9057,
,,,,,,,,,,10972,
BMW,23/03/2019,Fontainebleau,"325 i X (E 30) 4 portes, toit ouvrant",Jean-Pierre Osenat,5 520 €,OR,V,,,10972,
BMW,01/07/2018,Lyon,325 i X 2 portes,Aguttes,16 170 €,REST,V,,,10972,
BMW,01/05/2017,Obenheim,325 i X (E 30) 2 portes,Jean-Pierre Osenat,17 400 €,OR,V,,,10972,
,,,,,,,,,,11887,
BMW,07/04/2019,Le Mans,325 i (E 30) Cabriolet,Marie Line Balsan / Dominique Pagneux,20 410 €,OR+,V,,,11887,
BMW,13/10/2018,Sains-lès-Fressins,325 i (E 30) Cabriolet,Jauffrey Burgeat,5 870 €,OR-,V,,,11887,
BMW,24/03/2018,Fontainebleau,325 i (E 30) Cabriolet,Osenat,18 000 €,OR,V,,,11887,
BMW,31/05/2017,Ascot,325 i (E 30) Cabriolet,Historics at Brooklands,7 420 €,OR+,V,,,11887,
BMW,29/04/2017,Toffen,325 i (E 30) Cabriolet,Oldtimer Galerie Toffen,13 250 €,OR+,V,,,11887,
BMW,30/10/2016,Paris,325 i (E 30) Cabriolet,Artcurial Motorcars,11 920 €,OR+,V,,,11887,
BMW,28/11/2015,Toffen,325 E coach,Oldtimer Galerie Toffen,5 645 €,OR+,V,,,11887,
BMW,08/03/2014,Brooklands,325 i série 2 cabriolet,Historics at Brooklands,7 069 €,OR+,V,,,11887,
BMW,25/04/2011,Saint-James,325 i (E 30) Cabriolet,Toutain-Vente / M. Vaudouër,4 500 €,OR,V,,,11887,
,,,,,,,,,,10970,
BMW,21/05/2017,Spa,"325 i (E 30) Groupe N Belga/Juma, palmarès",Bonhams,21 850 €,EX,V,,,10970,
BMW,26/11/2016,Toffen,325 i (E 30) berline autom. toit ouvrant,Oldtimer Galerie Toffen,5 216 €,OR+,V,,,10970,
BMW,16/02/2012,Buxton,325 i Cabriolet RHD mécan.,H & H Classic Auctions,2 807 €,OR,V,,,10970,
,,,,,,,,,,9056,
BMW,07/04/2019,Le Mans,323 i TC (E 30) Cabriolet Baur,Marie Line Balsan / Dominique Pagneux,5 900 €,OR,V,,,9056,
BMW,24/03/2019,Avignon,323 i TC (E 30) Cabriolet Baur automatique,Leclère Motorcars,14 400 €,OR+,V,,,9056,
BMW,28/03/2016,Saint-James,316 1.8 (E 30) TC cabriolet Baur,Toutain-Vente / M. Vaudouër,6 496 €,OR+,V,,,9056,
,,,,,,,,,,12333,
BMW,13/10/2018,Sains-lès-Fressins,318 i (E 30) Cabriolet TC Baur,Jauffrey Burgeat,800 €,OR-,V,,,12333,
,,,,,,,,,,11886,
BMW,15/06/2019,Fontainebleau,320 i (E 30) 4 portes autom.,Jean-Pierre Osenat,3 600 €,OR,V,,,11886,
BMW,23/03/2019,Fontainebleau,"320 i (E 30) 2 portes, jantes alu",Jean-Pierre Osenat,7 200 €,OR+,V,,,11886,
BMW,13/10/2018,Sains-lès-Fressins,320 i (E 30) 2 portes,Jauffrey Burgeat,2 190 €,SEP,V,,,11886,
BMW,30/10/2016,Paris,"320 i (E 30) coach, kit carrosserie M",Artcurial Motorcars,9 860 €,OR+,V,,,11886,
BMW,01/09/2012,Brooklands,330 Ci Sport cabriolet RHD autom.,Historics,17 311 €,OR+,V,,,11886,
BMW,07/07/2012,Le Mans,320 i (E 46) Retractop 2 Heuliez (non imm.),Artcurial,10 127 €,EX,V,,,11886,
BMW,25/04/2011,Saint-James,320 i (E 30) coach,Toutain-Vente / M. Vaudouër,300 €,OR-,V,,,11886,
,,,,,,,,,,11884,
BMW,11/09/2017,La Mézière,318 i (E 21) coach ,Alcopa Auction,5 800 €,OR+,V,,,11884,
BMW,20/07/2014,Uzerche,316 (E 30) coach (sans CG),Brivenchères (Me Gillardeau),305 €,OR-,V,,,11884,
,,,,,,,,,,11883,
BMW,02/03/2019,Ascott,316 (E 30) coach RHD,Historics at Brooklands,4 270 €,OR+,V,,,11883,
BMW,17/04/2017,Saint-James,316 (E 30) coach,Toutain-Vente / M. Vaudouër,1 890 €,RET,V,,,11883,
,,,,,,,,,,12138,
BMW,20/01/2017,Scottsdale,Alpina C 1 2.3 (E 21),Gooding & Co.,48 630 €,OR+,V,,,12138,
,,,,,,,,,,9055,
BMW,11/11/2018,Lyon,323 i (E 21) Cabriolet Baur,Osenat,17 400 €,REST,V,,,9055,
,,,,,,,,,,9054,
BMW,13/07/2019,Brooklands,323 i (E 21) coach RHD,Historics at Brooklands,8 420 €,OR+,V,,,9054,
BMW,11/11/2018,Lyon,323 i (E 21) 2 portes,Osenat,16 800 €,REST,V,,,9054,
BMW,30/09/2018,Linas,323 i (E 21) 2 portes JCG / Alpina,Aguttes,33 040 €,OR+,V,,,9054,
,,,,,,,,,,9053,
BMW,30/06/2019,Caen,320/6 (E 21) coach 6 cylindres,Marie Line Balsan / Dominique Pagneux,11 340 €,OR+,V,,,9053,
BMW,04/11/2018,Paris,320/6 (E 21) 2 portes,Artcurial Motorcars,9 540 €,OR+,V,,,9053,
BMW,08/04/2018,Paris,320/6 (E 21) Cabriolet Baur,Artcurial Motorcars,17 880 €,OR+,V,,,9053,
BMW,23/03/2010,Sandown Park,320 i (E 30) cabriolet RHD,Barons,1 980 €,OR+,V,,,9053,
BMW,26/04/2008,Toffen,"320/6 (E 21) caoch LHD autom., jantes alu",Oldtimer Galerie Toffen,4 880 €,OR+,V,,,9053,
BMW,15/09/2007,Toffen,320 i (E 36) Touring,Oldtimer Galerie Toffen,4 550 €,OR,V,,,9053,
BMW,25/11/2006,Toffen,320/6 coach,Oldtimer Galerie Toffen,5 850 €,OR+,V,,,9053,
BMW,15/11/2006,Harrogate,320/6 (E 21) coach RHD autom.,Bonhams,1 050 €,OR+,V,,,9053,
,,,,,,,,,,9052,
BMW,15/10/2017,L'Aigle,320 i coach 4 cylindres,Orne Enchères / Dominique Pagneux,3 000 €,OR,V,,,9052,
BMW,12/09/2009,Beaulieu,320 i TC découvrable RHD,Bonhams,1 100 €,OR,V,,,9052,
BMW,30/04/2006,Castle Donington,320 i Turbo Schnitzer Groupe 5 ex-Winkelhock,Coys Auctions,63 000 €,EX,V,,,9052,
,,,,,,,,,,10969,
BMW,10/04/2019,Buxton,316 (E 21) coach,H and H,2 870 €,OR,V,,,10969,
BMW,06/06/2009,Château-la-Vallière,316 (E 36) coach 5 vitesses,Me Berthelemot,400 €,OR,V,,,10969,
BMW,19/11/2007,Harrogate,316 i (E 36) berline RHD,Bonhams,2 550 €,OR+,V,,,10969,
BMW,13/01/2007,Maastricht,316 Cabriolet TC Baur LHD autom.,Coys Europe,6 000 €,OR+,V,,,10969,
BMW,15/11/2006,Harrogate,316 i Touring (E 30) break RHD,Bonhams,3 000 €,OR+,V,,,10969,
BMW,07/02/2006,Sandown Park,316 i (E 30) Touring RHD autom. toit ouvrant,Barons,2 850 €,OR+,V,,,10969,
,,,,,,,,,,811,
BMW,06/02/2014,Paris,1600 GT coupé,Bonhams,25 300 €,OR+,V,,,811,
,,,,,,,,,,800,
BMW,11/11/2018,Lyon,2002 cabriolet Baur (avec arceau),Osenat,33 000 €,OR+,V,,,800,
BMW,09/02/2018,Paris,2002 cabriolet Baur,Artcurial,30 990 €,REST,V,,,800,
BMW,09/02/2017,Paris,2002 cabriolet (avec arceau),Bonhams,29 610 €,REST,V,,,800,
BMW,20/11/2016,Auvers sur Oise,"2002 cabriolet Baur, jantes BBS",William Le Calvez,25 752 €,OR+,V,,,800,
BMW,07/10/2016,Knokke le Zoute,2002 cabriolet Baur,Bonhams,52 900 €,REST,V,,,800,
,,,,,,,,,,799,
BMW,05/02/2016,Paris,2002 cabriolet,Artcurial Motorcars,61 984 €,REST,V,,,799,
BMW,07/03/2014,Amelia Island,2002 cabriolet Baur (sans arceau),Gooding & Co,49 100 €,REST,V,,,799,
,,,,,,,,,,797,
BMW,20/11/2016,Auvers sur Oise,Touring 2000 tii,William Le Calvez,15 312 €,OR,V,,,797,
,,,,,,,,,,796,
BMW,14/06/2019,Le Mans,Touring 2000 coupé fastback,Marie Line Balsan / Dominique Pagneux,18 880 €,OR+,V,,,796,
BMW,12/11/2016,Sainte-Solange,Touring 2002,SVV Daguerre,1 750 €,OR-,V,,,796,
BMW,19/06/2016,Fontainebleau,"Touring 2002, toit Webasto",Jean-Pierre Osenat,12 000 €,OR+,V,,,796,
BMW,23/04/2016,Brazey en Plaine,2000 Tii Touring,HdV Victor Hugo,1 230 €,EP,V,,,796,
BMW,09/09/2007,Ragley Hall,Touring 2002 RHD,Coys,4 800 €,OR+,V,,,796,
BMW,25/04/2006,Sandown Park,Touring 2000 RHD 5 vitesses,Barons,4 210 €,OR+,V,,,796,
BMW,19/09/2009,Kaufdorf,Touring 2000,Oldtimer Galerie Toffen,860 €,OR-,V,,,796,
,,,,,,,,,,7209,
BMW,07/02/2019,Paris,Touring 1802,Bonhams,11 500 €,OR+,V,,,7209,
,,,,,,,,,,7208,
BMW,10/11/2016,Fayence,Touring 1600,Jean-Pierre Osenat,1 063 €,EP,V,,,7208,
,,,,,,,,,,10880,
BMW,15/09/2007,Toffen,1502 coach,Oldtimer Galerie Toffen,4 390 €,OR+,V,,,10880,
,,,,,,,,,,10883,
BMW,08/02/2017,Paris,2002 tii L Alpina A 4 S,RM Sotheby's,68 640 €,OR+,V,,,10883,
,,,,,,,,,,794,
BMW,08/03/2019,Amelia Island,2002 tii coach (injection),Gooding & Co,49 900 €,REST,V,,,794,
BMW,08/03/2019,Amelia Island,2002 tii coach (injection),Gooding & Co,53 890 €,OR+,V,,,794,
BMW,02/07/2017,Monaco,2002 tii coach,Artcurial Motorcars,27 580 €,REST,V,,,794,
BMW,25/02/2017,Coventry,2002 tii coach RHD,Silverstone Auctions,25 640 €,REST,V,,,794,
BMW,03/09/2016,Beaulieu,2002 tii coach RHD,Bonhams,24 000 €,OR+,V,,,794,
BMW,01/09/2012,Brooklands,2002 tii coach RHD,Historics,21 903 €,OR+,V,,,794,
BMW,03/02/2012,Paris,2002 tii coach préparé,Artcurial Motorcars,19 062 €,REST,V,,,794,
BMW,16/09/2006,Toffen,"2002 tii coach LHD, boîte 5, jantes alu",Oldtimer Galerie Toffen,4 880 €,OR,V,,,794,
,,,,,,,,,,793,
BMW,22/06/2014,Fontainebleau,"2002 ti préparée, boîte Getrag",Jean-Pierre Osenat,11 324 €,TR,V,,,793,
,,,,,,,,,,10882,
BMW,23/04/2016,Toffen,2002 L coach,Oldtimer Galerie Toffen,20 384 €,OR+,V,,,10882,
,,,,,,,,,,792,
BMW,29/05/2019,Auburn,2002 coach,RM Sotheby's,13 950 €,OR+,V,,,792,
BMW,23/02/2019,Birmingham,2002 coach racing (kit carrosserie),Silverstone Auctions,6 990 €,TR,V,,,792,
BMW,10/03/2018,Amelia Island,2002 coach,RM Sotheby,30 990 €,REST,V,,,792,
BMW,08/05/2017,La Mézière,2002 coach,Alcopa Auction Rennes,11 650 €,REST,V,,,792,
BMW,25/11/2016,Milan,2002 coach préparé course,RM Sotheby's,50 400 €,TR,V,,,792,
BMW,10/11/2016,Fayence,2002 coach,Jean-Pierre Osenat,2 250 €,EP,V,,,792,
BMW,10/11/2016,Fayence,2002 coach,Jean-Pierre Osenat,1 625 €,SEP,V,,,792,
BMW,10/11/2016,Fayence,2002 coach,Jean-Pierre Osenat,4 875 €,EP,V,,,792,
BMW,20/06/2015,Lyon,2002 tii coach,Claude Aguttes,30 000 €,OR+/EX,V,,,792,
BMW,06/06/2015,Brooklands,2002 coach RHD,Historics at Brooklands,15 705 €,REST+,V,,,792,
BMW,16/11/2014,Montastruc la Conseillère,2002 coach préparé compétition,Stanislas Machoïr,9 600 €,OR/TR,V,,,792,
BMW,08/05/2014,Monaco,2002 coach,Pierre Bergé & Associés,11 250 €,OR,V,,,792,
BMW,27/04/2014,Montastruc,2002 coach,Stanislas Machoïr,10 460 €,OR,V,,,792,
BMW,01/10/2011,Munich,2002 coach préparé rallye,Bonhams,19 000 €,REST/TR,V,,,792,
BMW,01/12/2007,Toffen,2002 coach,Oldtimer Galerie Toffen,8 450 €,OR+,V,,,792,
BMW,15/09/2007,Toffen,2002 coach,Oldtimer Galerie Toffen,5 530 €,OR,V,,,792,
,,,,,,,,,,791,
BMW,22/07/2007,Uzerche,1802 coach,Me Arnaud-Lacroze / M. Saint-Gal,1 000 €,OR,V,,,791,
,,,,,,,,,,7207,
BMW,30/01/2010,Kings Lynn,1602 coach RHD,Anglia Car Auctions,4 510 €,OR+,V,,,7207,
BMW,09/04/2007,Saint James,1602 coach,Toutain-Vente / M. Vaudouër,150 €,EP,V,,,7207,
,,,,,,,,,,810,
BMW,17/06/2018,Fontainebleau,2000 CS coupé,Osenat,17 400 €,OR,V,,,810,
BMW,11/05/2018,Monaco,2000 CS coupé,Bonhams,20 700 €,REST,V,,,810,
BMW,08/03/2017,Fléville devant Nancy,2000 CS coupé,Alcopa Auction Nancy,9 870 €,OR-,V,,,810,
BMW,03/10/2016,Philadelphie,"2000 C coupé mécan., moteur CS",Bonhams,14 200 €,REST,V,,,810,
BMW,18/03/2012,Fontainebleau,2000 CS coupé,Jean-Pierre Osenat,10 127 €,OR+,V,,,810,
BMW,26/09/2010,Montastruc,2000 CS coupé toit ouvrant,FEE Machoïr,2 000 €,OR,V,,,810,
BMW,27/04/2008,Niort,2000 CS coupé toit ouvrant,HdV Niort (M. Biard) / M. Berneu,1 650 €,OR-,V,,,810,
,,,,,,,,,,809,
BMW,30/06/2018,Wattripont,2000 C Automatic coupé,Collin du Bocage,6 240 €,SEP,V,,,809,
BMW,11/11/2007,Chassieu,2000 C Automatic coupé,Besch Cannes Auction / M. Cornu,4 200 €,OR+,V,,,809,
BMW,16/09/2006,Toffen,2000 C Automatic coupé,Oldtimer Galerie Toffen,8 130 €,OR+,V,,,809,
BMW,29/04/2006,Toffen,2000 C Automatic coupé LHD,Oldtimer Galerie Toffen,7 800 €,OR+,V,,,809,
,,,,,,,,,,787,
BMW,26/04/2008,Toffen,2000 tilux berline,Oldtimer Galerie Toffen,6 500 €,REST,V,,,787,
,,,,,,,,,,784,
BMW,14/09/2013,Goodwood,1800 ti/SA berline LHD préparée,Bonhams,49 291 €,REST,V,,,784,
BMW,11/08/2007,Nürburgring,1800 ti berline préparée compétition,Coys (Europe),20 500 €,TR,V,,,784,
BMW,18/08/2006,Quail Lodge,1800 ti/SAberline compétition (995494),Bonhams & Butterfields,27 200 €,REST,V,,,784,
,,,,,,,,,,783,
BMW,08/03/2019,Amelia Island,1800 Ti SA berline,Gooding & Co,69 860 €,REST,V,,,783,
BMW,07/11/2015,Lyon,"1800 berline, sellerie cuir",Claude Aguttes,9 600 €,OR+,V,,,783,
BMW,01/10/2011,Munich,1800 berline,Bonhams,4 200 €,OR,V,,,783,
BMW,01/05/2010,Monaco,1800 berline,RM Auctions,9 000 €,OR+,V,,,783,
,,,,,,,,,,780,
BMW,24/03/2019,Avignon,700 cabriolet (ex-Catherine Deneuve),Leclère Motorcars,44 400 €,REST,V,,,780,
BMW,22/05/2010,Ladenburg,700 Sport cabriolet,Classic Cars Auktion,10 000 €,OR+,V,,,780,
,,,,,,,,,,778,
BMW,18/01/2018,Scottsdale,700 Sport coupé préparé racing,Bonhams,45 830 €,REST/TR,V,,,778,
BMW,10/11/2016,Fayence,700 Sport coupé ,Jean-Pierre Osenat,6 875 €,EP,V,,,778,
,,,,,,,,,,776,
BMW,20/10/2018,Toffen,700 LS Luxus coach,Oldtimer Galerie,1 130 €,OR-,V,,,776,
BMW,20/10/2013,Paris,700 LS coach,Artcurial Motorcars,722 €,OR-,V,,,776,
,,,,,,,,,,775,
BMW,02/12/2017,Pau,700 coach,Carrère & Laborie,6 720 €,OR-,V,,,775,
BMW,01/11/2015,Paris,700 coach,Artcurial Motorcars,10 728 €,OR+,V,,,775,
BMW,11/08/2007,Nürburgring,700 coach,Coys (Europe),3 950 €,OR+,V,,,775,
,,,,,,,,,,774,
BMW,02/06/2019,Greenwich,600 coach (bicylindre),Bonhams,28 080 €,REST,V,,,774,
BMW,27/02/2015,Berlin,600 Limousine,Auctionata,23 520 €,REST,V,,,774,
BMW,22/07/2013,Monaco,600 Moretti de plage,Artcurial Motorcars,45 730 €,REST,V,,,774,
BMW,13/03/2010,AmeliA IslAnd,600 coach (bicylindre),RM,48 780 €,REST,V,,,774,
BMW,19/09/2009,Kaufdorf,600 limousine,Oldtimer Galerie Toffen,4 000 €,SEP,V,,,774,
,,,,,,,,,,773,
BMW,27/04/2019,Tupelo,Isetta 300 4 roues “Z-bar”,Bonhams,19 970 €,REST,V,,,773,
BMW,23/03/2019,Fontainebleau,Isetta 300 4 roues toit ouvrant,Jean-Pierre Osenat,16 800 €,RAR,V,,,773,
BMW,17/01/2019,Scottsdale,Isetta 300 4 roues,Bonhams,22 100 €,OR+,V,,,773,
BMW,05/11/2017,Paris,Isetta 300 4 roues,Artcurial,19 070 €,REST,V,,,773,
BMW,28/10/2017,padoue,Isetta 300 4 roues,Bonhams,18 400 €,REST,V,,,773,
BMW,31/05/2017,Ascot,Isetta 300 3 roues,Historics at Brooklands,8 980 €,SEP,V,,,773,
BMW,21/05/2017,Spa,Isetta 300 4 roues,Bonhams,18 980 €,REST,V,,,773,
BMW,20/03/2016,Fontainebleau,"Isetta 300 4 roues, toit souple (sans CG)",Jean-Pierre Osenat,30 000 €,REST+,V,,,773,
BMW,27/02/2015,Berlin,Isetta 300 Export modifiée en 4 roues,Auctionata,17 330 €,REST/TR,V,,,773,
BMW,16/01/2015,Scottsdale,Isetta 300 décapotable,Gooding & Co.,59 340 €,REST,V,,,773,
BMW,07/02/2014,Paris,Isetta 300 3 roues export,Artcurial Motorcars,14 304 €,REST,V,,,773,
BMW,06/02/2014,Paris,Isetta 300 3 roues,Bonhams,16 100 €,OR+,V,,,773,
BMW,17/01/2014,Phoenix (Arizona),Isetta 300 à glaces coullissantes,RM Auctions,22 385 €,REST,V,,,773,
BMW,11/10/2013,Knokke-le-Zoute,Isetta 250 (glaces coulissantes),Bonhams,17 825 €,REST+,V,,,773,
BMW,03/12/2012,Weybridge,Isetta 300 3 roues,Bonhams,7 088 €,OR,V,,,773,
BMW,03/12/2012,Weybridge,Isetta 300 3 roues toit ouvrant,Bonhams,9 923 €,OR+,V,,,773,
,,,,,,,,,,772,
BMW,15/05/2019,Leominster,Isetta 250/300 3 roues (originellement 4-roues),Brightwells,6 240 €,OR-,V,,,772,
BMW,08/02/2019,Paris,Isetta 300 3 roues,Artcurial,40 530 €,REST,V,,,772,
BMW,18/03/2018,Goodwood,Isetta 300 3 roues,Bonhams,13 130 €,REST,V,,,772,
BMW,06/12/2017,Londres,Isetta 300 3 roues,Bonhams,17 010 €,REST,V,,,772,
BMW,26/11/2016,Brooklands,Isetta 300 3 roues,Historics at Brooklands,27 109 €,REST,V,,,772,
BMW,26/11/2016,Brooklands,Isetta 300 3 roues,Historics at Brooklands,27 906 €,REST,V,,,772,
BMW,26/11/2016,Brooklands,Isetta 300 3 roues,Historics at Brooklands,10 525 €,RAR,V,,,772,
BMW,22/06/2015,Paris,"Isetta 250 Export 4 roues, toit souple",Artcurial Motorcars,23 840 €,REST+,V,,,772,
BMW,28/04/2013,Montastruc,Isetta 250,Stanislas Machoïr,19 200 €,REST+,V,,,772,
BMW,01/09/2012,Brooklands,Isetta 300 découvrable,Historics,10 174 €,REST,V,,,772,
BMW,03/05/2009,Toffen,Isetta,Oldtimer Galerie Toffen,26 500 €,OR+,V,,,772,
BMW,21/11/2007,Buxton,Isetta 300 3 roues LHD,H & H Classic Auctions,5 850 €,OR,V,,,772,
,,,,,,,,,,771,
BMW,24/03/2019,Avignon,3200 CS coupé 2+2,Leclère Motorcars,98 400 €,REST,V,,,771,
BMW,09/10/2015,Knokke-le-Zoute,3200 CS coupé 2+2,Bonhams,51 750 €,REST,V,,,771,
BMW,03/05/2009,Toffen,3200 CS coupé Bertone,Oldtimer Galerie Toffen,33 200 €,OR+,V,,,771,
,,,,,,,,,,769,
BMW,18/08/2017,Carmel,503 cabriolet Bertone,Bonhams,496 590 €,REST,V,,,769,
BMW,08/09/2014,Londres,503 cabriolet série 2,RM Auctions,244 588 €,REST,V,,,769,
BMW,14/08/2014,Carmel,503 cabriolet,Bonhams,247 120 €,REST,V,,,769,
,,,,,,,,,,768,
BMW,29/03/2019,Fort Lauderdale,503 coupé,RM Sotheby,122 380 €,REST,V,,,768,
BMW,07/02/2019,Paris,503 (Série II) coupé,Bonhams,212 750 €,OR+,V,,,768,
BMW,29/11/2014,Toffen,503 coupé,Oldtimer Galerie Toffen,162 680 €,OR+,V,,,768,
BMW,07/03/2014,Amelia Island,503 coupé,Gooding & Co,158 400 €,REST,V,,,768,
BMW,01/10/2011,Munich,503 coupé,Bonhams,27 000 €,RAR/TR,V,,,768,
BMW,22/05/2010,Ladenburg,"503 coupé, conversion RHD (69044)",Classic Cars Auktion,35 000 €,REC/TR,V,,,768,
,,,,,,,,,,766,
BMW,03/09/2016,Oxford,502 3.2 berline RHD,Silverstone Auctions,12 077 €,OR-,V,,,766,
BMW,30/11/2013,Toffen,"502 V8 3,2 l berline",Oldtimer Galerie Toffen,21 860 €,OR,V,,,766,
BMW,07/12/2012,Barcelone,502 V8 Limousine,Stanislas Machoïr,22 000 €,OR+,V,,,766,
BMW,28/04/2007,Toffen,502-3.2 V8 limousine,Oldtimer Galerie Toffen,980 €,SEP,V,,,766,
BMW,25/04/2006,Sandown Park,502-3.2 berline LHD + épave pour pièces,Barons,4 210 €,OR+,V,,,766,
,,,,,,,,,,12325,
BMW,26/05/2019,Les Essarts,502-2.6 L berline,HdV de la Seine (Me Chéroyan) / M. Séné,34 500 €,REST+,V,,,12325,
,,,,,,,,,,7206,
BMW,08/10/2018,Philadelphie,502 berline,Bonhams,21 440 €,REST,V,,,7206,
BMW,27/11/2010,Toffen,"502 berline V8 3,2 l",Oldtimer Galerie Toffen,20 410 €,OR+,V,,,7206,
,,,,,,,,,,762,
BMW,04/11/2018,Paris,328 roadster,Artcurial Motorcars,596 000 €,REST+,V,,,762,
BMW,24/08/2018,Quail Lodge,328 roadster,Bonhams,533 870 €,REST,V,,,762,
BMW,17/08/2017,Pacific Grove,328 roadster (80 ch),Worldwide Auctioneers,514 730 €,REST,V,,,762,
BMW,20/08/2016,Monterey,328 roadster,RM Sotheby's,485 650 €,REST,V,,,762,
BMW,12/09/2015,Goodwood,328 roadster,Bonhams,737 890 €,REST,V,,,762,
BMW,12/09/2015,Goodwood,328 roadster,Bonhams,446 620 €,OR,V,,,762,
BMW,01/12/2013,Londres,328 roadster (80 ch),Bonhams,943 260 €,REST,V,,,762,
BMW,13/08/2010,Quail Lodge,328 roadster compétition (85079),Bonhams & Butterfields,427 500 €,EX,V,,,762,
BMW,10/05/2008,Monaco (Bonhams),328 roadster préparé 135 ch (85075),Bonhams SAM,395 000 €,REST+/TR,V,,,762,
,,,,,,,,,,12483,
BMW,09/02/2018,Paris,328 cabriolet Autenrieth,Artcurial,500 640 €,REST,V,,,12483,
,,,,,,,,,,760,
BMW,17/01/2014,Phoenix (Arizona),327/28 coupé 80 ch,RM Auctions,130 240 €,REST,V,,,760,
,,,,,,,,,,759,
BMW,18/01/2018,Phoenix,327 cabriolet,RM Sotheby's,123 530 €,REST,V,,,759,
BMW,09/07/2016,Le Mans,327 cabriolet,Artcurial Motorcars,184 760 €,REST,V,,,759,
BMW,14/05/2016,Monaco,"327 cabriolet, moteur V8 3.2, boîte 5",RM Sotheby's,134 400 €,REST/TR,V,,,759,
BMW,07/06/2014,zurich,327 cabriolet,Oldtimer Galerie Toffen,261 800 €,REST,V,,,759,
BMW,01/10/2011,Munich,327 cabriolet (55 ch),Bonhams,125 000 €,REST,V,,,759,
BMW,22/05/2010,Ladenburg,327/55 cabriolet (73516),Classic Cars Auktion,38 000 €,REC,V,,,759,
BMW,12/03/2009,Londres,327 cabriolet,Coys,63 800 €,REST,V,,,759,
BMW,19/02/2007,Paris,327 cabriolet (87222),"Artcurial Briest, Le Fur, Poulai",110 000 €,REST+,V,,,759,
,,,,,,,,,,758,
BMW,30/10/2016,Paris,327 coupé,Artcurial Motorcars,65 560 €,REST+,V,,,758,
BMW,18/06/2007,Paris,327 coupé (73149),Artcurial,70 000 €,REST,V,,,758,
,,,,,,,,,,757,
LANCIA,23/10/2016,Paris,Montecarlo découvrable,Leclère MDV,30 000 €,OR+,V,,,757,
,,,,,,,,,,754,
BMW,26/11/2016,Toffen,326 cabriolet 2 portes Autenrieth,Oldtimer Galerie Toffen,96 487 €,OR+,V,,,754,
,,,,,,,,,,753,
BMW,01/09/2018,Beaulieu,326 cabriolet,Bonhams,57 720 €,REST,V,,,753,
BMW,11/04/2017,Paris,326 cabriolet 2 portes,Rossini SVV,121 220 €,REST,V,,,753,
BMW,19/03/2017,Fontainebleau,326 cabriolet 2 portes,Jean-Pierre Osenat,59 580 €,REST,V,,,753,
BMW,26/09/2009,Reims-Gueux,326 cabriolet 2 portes,Bonhams,31 500 €,REST+,V,,,753,
,,,,,,,,,,752,
BMW,12/08/2012,Nysted,326 Limousine,RM Auctions,45 024 €,RAR,V,,,752,
,,,,,,,,,,748,
BMW,18/09/2010,Toffen,320 coach (6 cylindres 2 l 45 ch) BV auto,Oldtimer Galerie,2 273 €,OR+,V,,,748,
,,,,,,,,,,744,
BMW,18/08/2017,Carmel,"319 cabriolet (6 cylindres 1,9 l 45 ch)",Bonhams,44 040 €,REST,V,,,744,
,,,,,,,,,,743,
BMW,24/08/2018,Quail Lodge,315/1 roadster,Bonhams,115 540 €,REST,V,,,743,
,,,,,,,,,,742,
BMW,08/02/2018,Paris,315 roadster recarrossé style Veritas,Bonhams,264 500 €,TR/REST,V,,,742,
BMW,12/03/2017,Montastruc,"315 cabriolet, ailes modifiées",Stanislas Machoïr,25 000 €,REST-,V,,,742,
,,,,,,,,,,740,
BMW,01/10/2011,Munich,303 cabriolet 6 cyl 1200 cm3,Bonhams,47 000 €,REST,V,,,740,
