auction_brand,auction_location,auction_model,auction_organizor,auction_price,auction_restauration_code,auction_sales_code,model,quote_id,year
,,,,,,,,6967,
VOLKSWAGEN,Catz,Typ 82 Kübelwagen ,Artcurial,68 200 €,REST+,V,,6967,
VOLKSWAGEN,Harrogate,Typ 82 Kübelwagen,Bonhams,27 182 €,REC,V,,6967,
VOLKSWAGEN,Munich,Typ 86 Kübelwagen 4 x 4 (reconstruction),Hermann Historica,50 000 €,REST/TR,V,,6967,
VOLKSWAGEN,Munich,Typ 82 Kübelwagen,Hermann Historica,30 000 €,REST-,V,,6967,
VOLKSWAGEN,Le Gua,"Typ 82 ""Kübelwagen""",Hermann Historica,24 000 €,REST-/TR,V,,6967,
VOLKSWAGEN,Vimoutiers,"Typ 82 Kübelwagen, moteur plus récent",Demade Enchères,26 000 €,RAR/TR,V,,6967,
VOLKSWAGEN,Toffen,"Réplique Kübelwagen Albar, base VW 1300",Oldtimer Galerie Toffen,2 600 €,TR,V,,6967,
,,,,,,,,6937,
VOLKSWAGEN,Fontainebleau,Coccinelle 1302 coach,Jean-Pierre Osenat,15 000 €,OR+,V,,6937,
VOLKSWAGEN,Weybridge,Coccinelle 1302 S coach RHD,Bonhams,9 214 €,OR+,V,,6937,
VOLKSWAGEN,Uzerche,Coccinelle 1302 L coach,Me Arnaud-Lacroze / M. Saint Gal,3 400 €,OR,V,,6937,
VOLKSWAGEN,Nonsard,Coccinelle 1302 L coach toit ouvrant,SCP Cappelaere & Prunaux,4 000 €,REST,V,,6937,
,,,,,,,,11564,
VOLKSWAGEN,Saint Louis,Coccinelle 1600 Deluxe coach toit ouvrant souple,RM Sotheby's,8 990 €,OR,V,,11564,
VOLKSWAGEN,Londres,Coccinelle 1600 Mexico série 50 ans (neuve),RM Sotheby's,18 700 €,EX,V,,11564,
VOLKSWAGEN,Londres,"Coccinelle ""Mexico"" RHD, look 65, moteur 2.2",Bonhams,7 480 €,TR,V,,11564,
,,,,,,,,9530,
VOLKSWAGEN,Cheltenham,"Coccinelle 1300 S coach RHD, moteur 2.2 préparé",H & H Classic Auctions,12 020 €,REST/TR,V,,9530,
VOLKSWAGEN,Leominster,Coccinelle 1300 S coach RHD préparé,Brightwells,2 400 €,REST/TR,V,,9530,
,,,,,,,,6936,
VOLKSWAGEN,Phoenix,Coccinelle 1500 coach,RM Sotheby's,29 470 €,REST,V,,6936,
VOLKSWAGEN,Auburn,1500 Export,RM Sotheby's,5 450 €,OR+,V,,6936,
VOLKSWAGEN,Brooklands,Coccinelle 1500 coach RHD,BCA Classic & Historic,8 780 €,OR+,V,,6936,
,,,,,,,,6935,
VOLKSWAGEN,Amelia Island,Coccinelle 1300 coach toit ouvrant,RM Sotheby,23 950 €,REST,V,,6935,
VOLKSWAGEN,Ascott,Coccinelle 1300 coach RHD,Historics at Brooklands,4 880 €,OR+,V,,6935,
VOLKSWAGEN,Ascott,Coccinelle 1300 coach RHD (moteur 1600),Historics at Brooklands,6 830 €,REST,V,,6935,
VOLKSWAGEN,Roubaix,1300 coach,May & Associés,5 030 €,REC,V,,6935,
VOLKSWAGEN,Wattripont,1300 toit ouvrant,Collin du Bocage,5 040 €,OR,V,,6935,
VOLKSWAGEN,Duxford,Coccinelle 1300 RHD,H & H Classic Auctions,22 410 €,REST+,V,,6935,
VOLKSWAGEN,Beaulieu,"Evocation Bugatti 35, base 1300",Bonhams,6 560 €,TR,V,,6935,
VOLKSWAGEN,Zurich,Coccinelle 1300 L automatique coach,Oldtimer Galerie Toffen,7 578 €,OR+,V,,6935,
VOLKSWAGEN,Brooklands,Coccinelle 1300 coach RHD,Historics at Brooklands,10 794 €,OR+,V,,6935,
VOLKSWAGEN,Birmingham,Coccinelle 1300 coach,Silverstone Auctions,6 983 €,OR,V,,6935,
VOLKSWAGEN,Cap d'Agde,Coccinelle 1300 coach,Les belles du cap - J. Bessière/A. Artus,5 361 €,OR+,V,,6935,
VOLKSWAGEN,Kings Lynn,Coccinelle 1300 coach RHD,Anglia Car Auctions,4 950 €,REST+,V,,6935,
VOLKSWAGEN,Harrogate,"Coccinelle 1300 coach RHD, conversion cabriolet",Bonhams,1 210 €,TR/OR,V,,6935,
VOLKSWAGEN,Toffen,Coccinelle 1300 coach,Oldtimer Galerie Toffen,2 650 €,OR,V,,6935,
VOLKSWAGEN,Reims-Gueux,Coccinelle 1300 coach,Bonhams,1 500 €,OR,V,,6935,
VOLKSWAGEN,Toffen,1300 kit Bugatti Replica,Oldtimer Galerie Toffen,6 500 €,TR,V,,6935,
,,,,,,,,6934,
VOLKSWAGEN,Buxton,1200 L RHD,H and H,2 790 €,OR,V,,6934,
VOLKSWAGEN,Montastruc,Coccinelle 1200 coach,Stanislas Machoïr,12 000 €,REST,V,,6934,
VOLKSWAGEN,Londres,"Coccinelle 1200 L RHD, 63 miles origine",Bonhams,19 100 €,EX,V,,6934,
VOLKSWAGEN,Fontainebleau,Buggy 4 places,Jean-Pierre Osenat,16 800 €,TR,V,,6934,
VOLKSWAGEN,Monaco,Cox 1600 injection (Typ 11) ex-Canada,Artcurial,22 521 €,OR+/EX,V,,6934,
VOLKSWAGEN,Buxton,Coccinelle 1200 L coach RHD,H & H Classic Auctions,3 240 €,OR+,V,,6934,
VOLKSWAGEN,Buxton,Coccinelle 1200 L RHD,H & H Classic Auctions,2 310 €,REST,V,,6934,
VOLKSWAGEN,Londres,Coccinelle 1200 L Final Edition RHD,RM Auctions / Sotheby's,14 250 €,REST+,V,,6934,
,,,,,,,,11339,
VOLKSWAGEN,Caen,"1200 Jeans, ex Vintage Mecanic",Orne Enchères / M. Pagneux,12 000 €,REST+,V,,11339,
VOLKSWAGEN,Paris,"Coccinelle 1600 Silver, 150 km origine",Artcurial Motorcars,19 062 €,EX,V,,11339,
VOLKSWAGEN,Caen,Coccinelle 1200 Jeans coach,Brioult Enchères / M. Pagneux,5 000 €,RAR,V,,11339,
VOLKSWAGEN,Harrogate,Coccinelle 1200 Jeans RHD,Bonhams,3 000 €,OR,V,,11339,
,,,,,,,,6933,
VOLKSWAGEN,Paris,1200 coach,Leclère MDV,12 240 €,OR+,V,,6933,
VOLKSWAGEN,Toffen,1200 toit ouvrant,Oldtimer Galerie Toffen,17 820 €,OR+,V,,6933,
VOLKSWAGEN,La Flèche,Coccinelle 1200 coach,Cyril Duval,3 840 €,OR,V,,6933,
VOLKSWAGEN,Château sur Epte,"Coccinelle 1200, pare-chocs 1302",Artcurial Motorcars,4 256 €,OR,V,,6933,
VOLKSWAGEN,Brooklands,Coccinelle Baja prép. 1660,Historics at Brooklands,5 566 €,REST/TR,V,,6933,
VOLKSWAGEN,Beaulieu,Coccinelle 1200 coach,Bonhams,4 720 €,OR,V,,6933,
VOLKSWAGEN,Amelia Island,Coccinelle 1200 coach,Gooding & Co.,25 159 €,OR,V,,6933,
VOLKSWAGEN,Birmingham,Coccinelle (ovale) Standard,Silverstone Auctions,16 061 €,REST,V,,6933,
VOLKSWAGEN,Birmingham,Coccinelle 1300 coach,Silverstone Auctions,11 033 €,REST,V,,6933,
VOLKSWAGEN,Oxford,Replicar Bugatti base Type 11,Bonhams,8 861 €,TR,V,,6933,
VOLKSWAGEN,Montastruc la conseillère,"Coccinelle 1200 coach ""50e anniversaire""",FEE Machoir / D. Pouteau,7 000 €,OR,V,,6933,
VOLKSWAGEN,EsvrEs sur IndrE,Coccinelle 1200 coach,Five Auction Tours,6 200 €,OR+,V,,6933,
VOLKSWAGEN,Saint-LoubèS,Coccinelle 1200 coach,SCP Cambron-Pesin-Dupont-Lagrifo,3 300 €,RET,V,,6933,
VOLKSWAGEN,Londres,"Coccinelle 1200 coach RHD, 1 500 miles d'origine",RM Auctions / Sotheby's,18 000 €,EX,V,,6933,
,,,,,,,,6932,
VOLKSWAGEN,Los Angeles,1200 Export toit ouvrant souple,RM Sotheby's,23 780 €,REST,V,,6932,
VOLKSWAGEN,Auburn,1200 Export (surbaissée),RM Sotheby's,4 260 €,OR,V,,6932,
VOLKSWAGEN,Fort Lauderdale,Typ 11 Export toit souple,RM Sotheby's,17 060 €,OR+,V,,6932,
VOLKSWAGEN,Coventry,Coccinelle 1200 Export RHD,Silverstone Auctions,19 230 €,OR+,V,,6932,
VOLKSWAGEN,Scottsdale,Coccinelle 1200 ex-cinéma (Shaking Herbie),Barrett-Jackson,15 510 €,OR,V,,6932,
VOLKSWAGEN,Scottsdale,Coccinelle 1200 coach Export toit souple,Worldwide Auctioneers,20 690 €,REST,V,,6932,
VOLKSWAGEN,Milan,Coccinelle 1200 coach Export,RM Sotheby's,23 520 €,OR+,V,,6932,
VOLKSWAGEN,Auvers sur Oise,Coccinelle 1200 coach Export,William Le Calvez,17 864 €,REST,V,,6932,
VOLKSWAGEN,Pebble Beach,"Coccinelle Export coach, toit souple",Gooding & Co.,63 000 €,REST+,V,,6932,
VOLKSWAGEN,Auvers sur Oise,"Coccinelle 1200 Export, moteur 1300",SVV Le Calvez & Associés,8 106 €,REST/TR,V,,6932,
VOLKSWAGEN,Berlin,"Coccinelle 1200 Export, toit souple",Auctionata,8 670 €,REST,V,,6932,
VOLKSWAGEN,Paris,Coccinelle 1200 toit ouvrant Export Italie,Bonhams,12 075 €,REST,V,,6932,
VOLKSWAGEN,Bruxelles,"Coccinelle ""ovale"" coach export",Pierre Bergé & Associés,12 000 €,OR+,V,,6932,
VOLKSWAGEN,Toffen,Coccinelle (split) coach Export,Oldtimer Galerie,31 587 €,REST,V,,6932,
VOLKSWAGEN,Birmingham,Coccinelle (split) Standard,Silverstone Auctions,29 328 €,REST,V,,6932,
VOLKSWAGEN,Londres,Coccinelle 1200 export LHD,RM Auctions,12 549 €,OR+,V,,6932,
,,,,,,,,11681,
VOLKSWAGEN,Fort Lauderdale,Typ 11 Standard,RM Sotheby's,12 570 €,REST,V,,11681,
VOLKSWAGEN,Phoenix,Coccinelle 1200 export USA,RM Sotheby's,17 380 €,OR,V,,11681,
VOLKSWAGEN,Oxford,"Coccinelle Export RHD, moteur 1600",Silverstone Auctions,27 492 €,REST/TR,V,,11681,
,,,,,,,,6931,
VOLKSWAGEN,Monaco,"Typ 11 Export, toit souple",Artcurial Motorcars,19 190 €,REST+,V,,6931,
VOLKSWAGEN,Scottsdale,Coccinelle (ovale) export USA,Bonhams,19 660 €,REST,V,,6931,
VOLKSWAGEN,Londres,"Coccinelle ""Ovale"" coach export LHD",Coys Auctions,11 480 €,REST+,V,,6931,
,,,,,,,,11737,
VOLKSWAGEN,Pacific Grove,Coccinelle (ovale) coach Standard,Worldwide Auctioneers,65 510 €,REST,V,,11737,
,,,,,,,,6930,
VOLKSWAGEN,Nevers,Typ 11 Export,Métayer Auction,31 720 €,OR,V,,6930,
VOLKSWAGEN,Fort Lauderdale,Coccinelle (split) coach Export,RM Sotheby,36 220 €,REST,V,,6930,
VOLKSWAGEN,Scottsdale,Typ 11 Export,Gooding & Co,44 990 €,REST,V,,6930,
VOLKSWAGEN,Paris,Coccinelle (split) coach Export,RM Sotheby's,59 490 €,OR,V,,6930,
VOLKSWAGEN,Fontainebleau,Coccinelle (split) coach export,Jean-Pierre Osenat,33 600 €,REST+,V,,6930,
VOLKSWAGEN,Amelia Island,Coccinelle (split) coach,Gooding & Co.,57 420 €,REST,V,,6930,
VOLKSWAGEN,Kaufdorf,"Coccinelle ""Split"" coach export",Oldtimer Galerie Toffen,3 000 €,EP,V,,6930,
,,,,,,,,11736,
VOLKSWAGEN,Paris,Coccinelle (split) coach Standard,Artcurial,41 720 €,REST,V,,11736,
VOLKSWAGEN,Amelia Island,Coccinelle (split) Export,Gooding & Co.,39 350 €,REST,V,,11736,
VOLKSWAGEN,Munich,Coccinelle Typ 11 coach,Hermann Historica,40 000 €,OR-,V,,11736,
,,,,,,,,6968,
VOLKSWAGEN,Paris,Typ 166 Schwimmwagen,Artcurial,119 200 €,REST,V,,6968,
VOLKSWAGEN,Bruxelles,Typ 166 Schwimmwagen,Pierre Bergé & Associés,132 000 €,REST+,V,,6968,
VOLKSWAGEN,Nysted,Typ 166 Schwimmwagen,RM Auctions,112 560 €,RAR,V,,6968,
VOLKSWAGEN,Le Gua,Typ 166 Schwimmwagen,Hermann Historica,84 000 €,REST,V,,6968,
VOLKSWAGEN,Le Gua,"Typ 166 ""Schwimmwagen""",Hermann Historica,120 000 €,REST,V,,6968,
VOLKSWAGEN,Monaco (Bonhams),"Typ 166 Schwimmwagen, moteur 1300",Bonhams SAM,130 000 €,REST+/TR,V,,6968,
VOLKSWAGEN,Vimoutiers,"Typ 166 Schwimmwagen, moteur plus récent",Demade Enchères,68 000 €,RAR/TR,V,,6968,
,,,,,,,,6938,
VOLKSWAGEN,Paris,1303 coach,Claude Aguttes,16 820 €,OR+,V,,6938,
VOLKSWAGEN,Esvres-sur-Indre,Coccinelle 1303 coach,Alcopa,4 980 €,OR,V,,6938,
VOLKSWAGEN,Sainte-Solange,Coccinelle 1303 coach,SVV Daguerre,3 750 €,OR,V,,6938,
VOLKSWAGEN,Saint-James,Coccinelle 1303 coach,Toutain-Vente / M. Vaudouër,5 175 €,OR+,V,,6938,
VOLKSWAGEN,Saint-James,Coccinelle 1303 coach,Toutain-Vente / M. Vaudouër,4 485 €,REST+,V,,6938,
VOLKSWAGEN,Fontainebleau,Coccinelle 1303 coach,Jean-Pierre Osenat,1 500 €,OR-,V,,6938,
VOLKSWAGEN,Uzerche,Coccinelle 1303 coach standard,Me Arnaud-Lacroze,1 900 €,OR-,V,,6938,
VOLKSWAGEN,Saint-LoubèS,Coccinelle 1303 coach,SCP Cambron-Pesin-Dupont-Lagrifo,750 €,OR-,V,,6938,
VOLKSWAGEN,Kempston Hardwick,Coccinelle 1303 coach RHD,BCA Classic & Historic,750 €,OR,V,,6938,
,,,,,,,,6948,
VOLKSWAGEN,Goodwood,Karmann-Ghia 1600 coupé USA,Bonhams,8 830 €,REST,V,,6948,
VOLKSWAGEN,Lyon (Epoqu'auto),Karmann-Ghia 1600 (T 14) coupé,Jean-Pierre Osenat,18 000 €,OR+,V,,6948,
VOLKSWAGEN,Lyon (Epoqu'auto),Karmann-Ghia 1600 coupé ex-USA,Jean-Pierre Osenat,14 300 €,REST-,V,,6948,
VOLKSWAGEN,Buxton,Karmann-Ghia 1600 coupé T 14 LHD ex-USA,H & H Classic Auctions,4 200 €,OR+,V,,6948,
,,,,,,,,6947,
VOLKSWAGEN,Toffen,Karmann-Ghia 1500 coupé (type 14),Oldtimer Galerie Toffen,21 370 €,REST,V,,6947,
VOLKSWAGEN,Leominster,"Karmann-Ghia 1600 coupé (type 14), conv. RHD",Brightwells,5 700 €,REST/TR,V,,6947,
,,,,,,,,6946,
VOLKSWAGEN,Scottsdale,Karmann-Ghia 1200 coupé,Gooding & Co,30 590 €,REST,V,,6946,
VOLKSWAGEN,Fléville devant Nancy,Karmann-Ghia type 14 cabriolet ex-USA,Alcopa Auction Nancy,21 610 €,REST,V,,6946,
VOLKSWAGEN,Berlin,Karmann-Ghia 1200 coupé Typ 14,Auctionata,14 860 €,REST,V,,6946,
VOLKSWAGEN,Scottsdale,Karmann-Ghia 1200 coupé typ 14,Gooding & Co.,32 540 €,REST,V,,6946,
,,,,,,,,8637,
VOLKSWAGEN,Scottsdale,"Karmann-Ghia 1200 coupé (type 14, phares bas)",Gooding Co.,56 650 €,REST,V,,8637,
VOLKSWAGEN,Kaufdorf,Karmann-Ghia 1200 coupé (type 14),Oldtimer Galerie Toffen,3 170 €,EP,V,,8637,
,,,,,,,,6944,
VOLKSWAGEN,Fort Lauderdale,Coccinelle 1303 injection cabriolet Karmann,RM Sotheby,10 770 €,OR+,V,,6944,
VOLKSWAGEN,Beaulieu,1303 LS cabriolet RHD,Bonhams,26 930 €,OR+,V,,6944,
VOLKSWAGEN,La Mézière,1303 cabriolet Karmann,Alcopa,8 150 €,OR,V,,6944,
VOLKSWAGEN,Fort Lauderdale,1303 LS cabriolet Karmann,RM Sotheby's,17 960 €,REST,V,,6944,
VOLKSWAGEN,Fort Lauderdale,1303 LS cabriolet Karmann,RM Sotheby's,31 430 €,REST,V,,6944,
VOLKSWAGEN,Fort Lauderdale,1303 LS cabriolet Karmann,RM Sotheby's,17 060 €,REST,V,,6944,
VOLKSWAGEN,Auvers sur Oise,Coccinelle 1303 LS cabriolet injection ex USA,William Le Calvez,13 570 €,OR,V,,6944,
VOLKSWAGEN,La Mézière,Coccinelle 1303 LS Automatic cabriolet,Alcopa Auction Rennes,14 720 €,OR+,V,,6944,
VOLKSWAGEN,Milan,Coccinelle 1303 L cabriolet Karmann,RM Sotheby's,21 280 €,OR,V,,6944,
VOLKSWAGEN,Milan,Coccinelle 1303 L cabriolet Karmann,RM Sotheby's,12 880 €,OR,V,,6944,
VOLKSWAGEN,Le Mans,Coccinelle 1303 LS cabriolet,Artcurial Motorcars,19 070 €,OR+,V,,6944,
VOLKSWAGEN,Paris,"Coccinelle 1303 cabriolet, int. cuir et bois",Artcurial Motorcars,19 072 €,OR+,V,,6944,
VOLKSWAGEN,Auvers sur Oise,Coccinelle 1303 cabriolet USA injection,SVV Le Calvez & Associés,21 456 €,REST+,V,,6944,
VOLKSWAGEN,Berlin,Coccinelle 1303 (LS) Cabriolet 1600,Auctionata,17 330 €,REST,V,,6944,
VOLKSWAGEN,Fontainebleau,Coccinelle 1303 LS cabriolet,Jean-Pierre Osenat,14 304 €,REST,V,,6944,
VOLKSWAGEN,Oxford,New Beetle Speedster RHD conv. APS 1.8 T,Bonhams,7 861 €,TR/EX,V,,6944,
,,,,,,,,6943,
VOLKSWAGEN,Tupelo,1302 LS Cabriolet,Bonhams,20 970 €,OR+,V,,6943,
VOLKSWAGEN,Paris,"1302 LS Cabriolet, ex-Sylvie Vartan",Artcurial Motorcars,29 800 €,OR+,V,,6943,
VOLKSWAGEN,Marsac sur l'Isle,Coccinelle 1303 LS cabriolet,Périgord Enchères (Bertrand Miallon),17 700 €,REST,V,,6943,
VOLKSWAGEN,Lyon-Chassieu,Coccinelle 1302 L cabriolet,Jean-Pierre Osenat,16 800 €,OR,V,,6943,
VOLKSWAGEN,Lyon (Epoqu'auto),Coccinelle 1302 L cabriolet,Jean-Pierre Osenat,13 800 €,OR,V,,6943,
VOLKSWAGEN,Paris,Coccinelle 1302 LS cabriolet,Artcurial Motorcars,8 000 €,OR+,V,,6943,
VOLKSWAGEN,Toffen,Coccinelle 1302 LS cabriolet,Oldtimer Galerie Toffen,16 000 €,OR+,V,,6943,
VOLKSWAGEN,Salzbourg,Coccinelle 1302 LS cabriolet,Dorotheum,7 000 €,REST,V,,6943,
VOLKSWAGEN,Le Mans,Coccinelle 1302 LS cabriolet,"Artcurial Briest, Le Fur, Poulai",8 000 €,REST,V,,6943,
VOLKSWAGEN,Buxton,Coccinelle 1500 cabriolet RHD,H & H Classic Auctions,7 050 €,REST,V,,6943,
,,,,,,,,6942,
VOLKSWAGEN,Caen,Coccinelle 1600 inj. cabriolet Karmann,Marie Line Balsan / Dominique Pagneux,13 280 €,OR+,V,,6942,
VOLKSWAGEN,Montlhéry,Coccinelle 1500 cabriolet Karmann automatique,Aguttes,26 310 €,REST,V,,6942,
VOLKSWAGEN,La Mézière,Coccinelle 1500 cabriolet Karmann,Alcopa Auction,14 820 €,REST,V,,6942,
VOLKSWAGEN,La Mézière,Coccinelle 1500 cabriolet autom. USA,Alcopa Auction Rennes,15 270 €,OR+,V,,6942,
VOLKSWAGEN,Fléville devant Nancy,Coccinelle 1500 cabriolet ex-USA,Alcopa Auction Nancy,14 820 €,REST-,V,,6942,
VOLKSWAGEN,La Mézière,"Coccinelle 1500 cabriolet ex-USA, jantes larges",Alcopa Auction,8 037 €,REST-,V,,6942,
VOLKSWAGEN,Bruxelles,Coccinelle cabriolet Karmann,Pierre Bergé & Associés,12 500 €,REST,V,,6942,
VOLKSWAGEN,Sainte-Geneviève,Coccinelle 1600 cabriolet Karmann,SVV Australe,6 800 €,REST-,V,,6942,
,,,,,,,,6941,
VOLKSWAGEN,Knokke-le-Zoute,Coccinelle 1200 cabriolet Karmann,Bonhams,27 600 €,OR,V,,6941,
VOLKSWAGEN,Nysted,Coccinelle (1200) cabriolet,RM Auctions,18 010 €,OR+,V,,6941,
VOLKSWAGEN,Romorantin,Coccinelle 1200 cabriolet,"SCP Dubée, Berron, Sentucq",9 000 €,REST/TR,V,,6941,
,,,,,,,,6940,
VOLKSWAGEN,Milan,Coccinelle cabriolet Karmann,RM Sotheby's,44 800 €,OR,V,,6940,
VOLKSWAGEN,Toffen,Coccinelle 1303 cabriolet Karmann,Oldtimer Galerie Toffen,18 748 €,REST,V,,6940,
VOLKSWAGEN,AmeliA IslAnd,Coccinelle cabriolet Karmann,Gooding & Company,23 400 €,REST+,V,,6940,
VOLKSWAGEN,Monterey,Coccinelle cabriolet export USA,Christie's,36 000 €,REST+,V,,6940,
VOLKSWAGEN,Woodstock,Coccinelle cabriolet Karmann (LHD),Coys,14 250 €,REST+,V,,6940,
,,,,,,,,6939,
VOLKSWAGEN,Auburn,Coccinelle cabriolet Karmann,RM Sotheby's,28 780 €,REST,V,,6939,
VOLKSWAGEN,Le Mans,Coccinelle cabriolet Karmann,Marie Line Balsan / Dominique Pagneux,20 770 €,REST,V,,6939,
VOLKSWAGEN,Le Mans,Coccinelle 1200 cabriolet Karmann,Marie Line Balsan / Dominique Pagneux,6 960 €,OR-,V,,6939,
VOLKSWAGEN,Fort Lauderdale,1500 cabriolet Karmann,RM Sotheby's,8 440 €,REST,V,,6939,
VOLKSWAGEN,Amelia Island,Typ 15 cabriolet Karmann,RM Sotheby,59 240 €,REST,V,,6939,
VOLKSWAGEN,Philadelphie,Coccinelle cabriolet 1600 automatique Karmann,Bonhams,9 360 €,OR+,V,,6939,
VOLKSWAGEN,Scottsdale,Coccinelle cabriolet Karmann,Bonhams,32 850 €,REST,V,,6939,
VOLKSWAGEN,Beaulieu,Coccinelle cabriolet Karmann LHD,Bonhams,1 430 €,SEP,V,,6939,
VOLKSWAGEN,Monaco,Coccinelle cabriolet Karmann automatique,Artcurial Motorcars,22 260 €,REST,V,,6939,
VOLKSWAGEN,Monaco,"Coccinelle 1303 LS Cabriolet ""Champion""",Artcurial Motorcars,16 850 €,REST/TR,V,,6939,
,,,,,,,,8272,
VOLKSWAGEN,Tupelo,1303 S Super Beetle,Bonhams,8 490 €,OR+,V,,8272,
VOLKSWAGEN,Fontainebleau,"Coccinelle 1303 S coach, immatr. belge",Jean-Pierre Osenat,3 000 €,REST,V,,8272,
,,,,,,,,6954,
VOLKSWAGEN,Silverstone,Karmann-Ghia 1600 (T 14) coupé,Silverstone Auctions,25 319 €,REST,V,,6954,
,,,,,,,,6951,
VOLKSWAGEN,La Mézière,Karmann-Ghia 1600 cabriolet (type14),Alcopa Auction,13 160 €,REST,V,,6951,
VOLKSWAGEN,Avignon,Karmann-Ghia 1600 cabriolet (type14),Leclère MDV,29 400 €,REST,V,,6951,
VOLKSWAGEN,Lyon (Brotteaux),Karmann-Ghia 1600 Type 14 cabriolet,Claude Aguttes SAS,20 400 €,REST,V,,6951,
VOLKSWAGEN,Londres,"Karmann-Ghia 1600 cabriolet (type14), conv. RHD",Bonhams,5 520 €,REST/TR,V,,6951,
VOLKSWAGEN,Whitney,Karmann-Ghia 1600 cabriolet T 14 LHD,Coys Auctions,3 750 €,OR,V,,6951,
,,,,,,,,6950,
VOLKSWAGEN,La Mézière,"Karmann-Ghia 1600 cabriolet autom., jantes sport",Alcopa Auction Rennes,18 020 €,REST,V,,6950,
VOLKSWAGEN,Lyon,Karmann-Ghia 1500 cabriolet ex-USA,Claude Aguttes,17 400 €,RAR,V,,6950,
VOLKSWAGEN,Lyon,Karmann-Ghia 1500 (T 14) cabriolet ex-USA,Claude Aguttes,18 000 €,RAR,V,,6950,
,,,,,,,,6959,
VOLKSWAGEN,Fayence,1600 TLE coupé RHD,Jean-Pierre Osenat,1 875 €,EP,V,,6959,
,,,,,,,,6957,
VOLKSWAGEN,Versailles,"1600 TL coupé ""fastback""",Chevau-Légers Enchères,6 500 €,REST+,V,,6957,
,,,,,,,,11042,
VOLKSWAGEN,Auburn,Typ 26 Pick-up custom,RM Sotheby's,15 740 €,REST/TR,V,,11042,
VOLKSWAGEN,Pebble Beach,Typ 2 Pick-up double cabine,Gooding & Co,83 240 €,REST,V,,11042,
VOLKSWAGEN,Paris,Typ 2 Pick-up double cabine,Bonhams,58 650 €,REST+,V,,11042,
VOLKSWAGEN,AmeliA IslAnd,Type 26 Pick-up double-cabine,Gooding & Company,46 080 €,REST+,V,,11042,
VOLKSWAGEN,Montbazon,Type 26 plateau large Westfalia,Five Auction Tours,2 000 €,OR,V,,11042,
,,,,,,,,8569,
VOLKSWAGEN,Chantilly,Typ 24 Bus de Luxe (21 fenêtres),Bonhams,103 500 €,REST,V,,8569,
VOLKSWAGEN,Paris,Typ 24 Bus de Luxe 21 fenêtres,Bonhams,50 600 €,REST+,V,,8569,
VOLKSWAGEN,Paris,Typ 24 Bus de Luxe (21 fenêtres),Artcurial,143 040 €,OR+,V,,8569,
VOLKSWAGEN,Monterey,Typ 24 Bus de Luxe,RM Sotheby's,154 060 €,REST,V,,8569,
VOLKSWAGEN,Quail Lodge,Typ 24 Bus de Luxe,Bonhams,86 660 €,REST,V,,8569,
VOLKSWAGEN,Amelia Island,Typ 24 Bus de Luxe,RM Sotheby,102 530 €,REST,V,,8569,
VOLKSWAGEN,Silverstone,Typ 24 Bus de Luxe (21 fenêtres),Silverstone Auctions,72 260 €,REST,V,,8569,
VOLKSWAGEN,Scottsdale,Typ 24 Bus de Luxe,Barrett-Jackson,134 460 €,REST,V,,8569,
VOLKSWAGEN,Paris,"Typ 24 Bus de Luxe 21 fenêtres, toit souple",Artcurial Motorcars,97 740 €,REST+,V,,8569,
VOLKSWAGEN,Goodwood,"Type 24 Bus de Luxe LHD ex-USA, toit souple",Bonhams,95 100 €,REST+,V,,8569,
VOLKSWAGEN,Toffen,"Type 24 Bus de Luxe ""21 fenêtres"" toit ouvrant",Oldtimer Galerie Toffen,29 900 €,OR+,V,,8569,
,,,,,,,,8568,
VOLKSWAGEN,Greenwich,Typ 24 Bus De Luxe (23 fenêtres),Bonhams,47 130 €,REST,V,,8568,
VOLKSWAGEN,Scottsdale,Typ 24 Bus De Luxe (23 fenêtres),Bonhams,166 980 €,REST+,V,,8568,
VOLKSWAGEN,Monterey,Typ 24 Bus De Luxe,RM Sotheby's,86 660 €,REST,V,,8568,
VOLKSWAGEN,Fort Lauderdale,Typ 24 Bus De Luxe,RM Sotheby's,138 770 €,REST,V,,8568,
VOLKSWAGEN,Scottsdale,Typ 24 Bus De Luxe,Gooding & Co,179 960 €,REST,V,,8568,
VOLKSWAGEN,New York,Typ 24 Bus De Luxe (23 fenêtres),RM Sotheby,175 500 €,REST,V,,8568,
VOLKSWAGEN,Amelia Island,Typ 24 bus 23 fenêtres + Eriba Puck,RM Sotheby's,143 550 €,REST,V,,8568,
VOLKSWAGEN,Kaufdorf,Type 24 Bus Beutler,Oldtimer Galerie Toffen,3 630 €,EP,V,,8568,
VOLKSWAGEN,Brands Hatch,"Type 24 Bus De Luxe ""23 fenêtres"" RHD, moteur 2.4",Coys Auctions,62 250 €,REST/TR,V,,8568,
,,,,,,,,11045,
VOLKSWAGEN,goodwood,Typ 23 Camping-car ,Bonhams,44 830 €,REST,V,,11045,
VOLKSWAGEN,Ascott,T 2 Camping-car Westfalia Bay-windiw,Historics at Brooklands,11 840 €,REST,V,,11045,
VOLKSWAGEN,Paris,Typ 21 Camping,Bonhams,44 850 €,REST,V,,11045,
VOLKSWAGEN,Silverstone,Typ 23 EZ Campers double ouverture G et D,Silverstone Auctions,75 580 €,REST,V,,11045,
VOLKSWAGEN,Duxford,Typ 23 camping-car Riviera,H & H Classic Auctions,29 020 €,REST,V,,11045,
VOLKSWAGEN,Scottsdale,Typ 2 Camper Westfalia,Bonhams,54 320 €,REST,V,,11045,
VOLKSWAGEN,Paris,"Typ 2 camping-car Westfalia, moteur 1.8",Bonhams,92 000 €,REST+/TR,V,,11045,
VOLKSWAGEN,Brooklands,Typ 2 camping car Westfalia,Historics at Brooklands,12 852 €,REST/TR,V,,11045,
VOLKSWAGEN,Coventry,Type 2 Camping Devon Caravanette RHD,Silverstone Auctions,19 824 €,REST,V,,11045,
,,,,,,,,8567,
VOLKSWAGEN,Fort Lauderdale,Typ 23 Combi,RM Sotheby's,33 220 €,REST,V,,8567,
VOLKSWAGEN,Lyon,Typ 23 Combi 11 fenêtres brésilien,Osenat,48 000 €,REST,V,,8567,
VOLKSWAGEN,Lyon,"Typ 23 Combi de Luxe 1500, prod. Brésil",Claude Aguttes,33 720 €,REST,V,,8567,
VOLKSWAGEN,Londres,Type 24 Bus de luxe 21 fenêtres,RM Auctions,66 388 €,REST,V,,8567,
VOLKSWAGEN,Brooklands,Typ 2 camping car Westfalia,Historics at Brooklands,23 134 €,REST,V,,8567,
VOLKSWAGEN,Phoenix (Arizona),Kombi 23 fenêtres option sièges séparés,RM Auctions,61 050 €,REST+,V,,8567,
VOLKSWAGEN,Londres,Type 23 Kombi RHD ex-Indonésie,Bonhams,6 346 €,REC,V,,8567,
VOLKSWAGEN,Sparkford,"Combi “split” Brasil LHD, ex-Jenson Button",H & H Classic Auctions,19 150 €,REST+/EX,V,,8567,
VOLKSWAGEN,Fontainebleau,"Type 23 Camping 2 litres, toit relevable",Jean-Pierre Osenat,4 800 €,OR+,V,,8567,
VOLKSWAGEN,Beaulieu,Type 23 Kombi LHD,Bonhams,14 700 €,REST,V,,8567,
,,,,,,,,11041,
VOLKSWAGEN,Buxton,Typ 22 Bus (15 fenêtres) ,H and H,17 770 €,REST,V,,11041,
VOLKSWAGEN,Toffen,Typ 2 minibus 8 places,Oldtimer Galerie Toffen,96 495 €,REST+,V,,11041,
,,,,,,,,12117,
VOLKSWAGEN,Brooklands,Typ 2 fourgon (aménagé camping),Historics at Brooklands,28 710 €,REST,V,,12117,
VOLKSWAGEN,Chantilly,Typ 2 fourgon,Bonhams,14 380 €,OR+,V,,12117,
VOLKSWAGEN,Amelia Island,Typ 2 pick-up,RM Sotheby,52 400 €,REST,V,,12117,
,,,,,,,,8566,
VOLKSWAGEN,ONLINE,Typ 2 fourgon / Combi camping par Canterbury Pitt RHD,H and H,19 660 €,REST,V,,8566,
VOLKSWAGEN,Ascot,Typ 2 Combi ,Historics at Brooklands,20 180 €,REST,V,,8566,
VOLKSWAGEN,Vimoutiers,Typ 2 fourgon surélevé (sans CG),Demade Enchères,250 €,EP,V,,8566,
VOLKSWAGEN,Londres,Type 21 fourgon tôlé LHD neuf (33 km d'origine),Coys Auctions,22 010 €,EX,V,,8566,
VOLKSWAGEN,Monterey,Type 211 Microbus,Christie's USA,17 600 €,REST+,V,,8566,
,,,,,,,,9532,
VOLKSWAGEN,Fayence,1600 L Variant break,Jean-Pierre Osenat,1 500 €,EP,V,,9532,
VOLKSWAGEN,Fayence,1600 Variant break,Jean-Pierre Osenat,2 250 €,EP,V,,9532,
VOLKSWAGEN,Essen,Type 3 Variant moteur Porsche 993,Coys Europe,30 000 €,TR/EX,V,,9532,
,,,,,,,,11835,
VOLKSWAGEN,Duxford,Transporter (T 3) Komet Autohomes 1.9 RHD,H & H Classic Auctions,12 040 €,REST,V,,11835,
VOLKSWAGEN,Monaco,Transporter (T 3) 2 litres pick-up,Artcurial Motorcars,1 192 €,OR,V,,11835,
,,,,,,,,8573,
VOLKSWAGEN,Brooklands,Typ 25 Camping,Historics at Brooklands,5 410 €,OR,V,,8573,
VOLKSWAGEN,Buxton,Typ 2 Camping,H and H,11 100 €,REST,V,,8573,
VOLKSWAGEN,Ascott,Typ 2 Camping Bay-window 1600 RHD,Historics at Brooklands,42 290 €,REST,V,,8573,
VOLKSWAGEN,Hershey,Typ 2 Camper,RM Sotheby's,28 470 €,REST,V,,8573,
VOLKSWAGEN,Auburn,Typ 2 Camping Westfalia,RM Sotheby's,15 490 €,REST,V,,8573,
VOLKSWAGEN,Toffen,Transporter Bus,Oldtimer Galerie Toffen,4 840 €,OR,V,,8573,
VOLKSWAGEN,La Mézière,Typ 25 Camping Westfalia ex-USA,Alcopa Auction Rennes,21 060 €,OR+,V,,8573,
VOLKSWAGEN,Duxford,Typ 2 Camping RHD,H & H Classic Auctions,32 641 €,REST,V,,8573,
VOLKSWAGEN,Goodwood,Typ 2 camping Canterbury Pitt RHD,Bonhams,36 490 €,REST,V,,8573,
VOLKSWAGEN,Londres,Typ 24 Camping Devon RHD,Bonhams,118 350 €,REST+,V,,8573,
VOLKSWAGEN,Phoenix,Typ 2 camping-car Westfalia,RM Auctions,94 050 €,REST,V,,8573,
VOLKSWAGEN,Brooklands,Typ 2 Camping Westfalia RHD,Historics at Brooklands,9 212 €,OR+,V,,8573,
VOLKSWAGEN,Ascot,"Type 2 Camping (Brazil) RHD, ex-Pete Townshend",Coys Auctions,33 000 €,EX,V,,8573,
,,,,,,,,8572,
VOLKSWAGEN,Spa Francorchamps,Typ 2 Microbus,Bonhams,19 550 €,REST+,V,,8572,
VOLKSWAGEN,Londres,Type 2 Bus L (Clipper),Coys,17 600 €,REST+,V,,8572,
,,,,,,,,8571,
VOLKSWAGEN,Linas,Typ 2 Combi,Aguttes,41 300 €,OR,V,,8571,
VOLKSWAGEN,Southam,Typ 2 pick-up 1600 RHD ex-Afrique du Sud,Silverstone Auctions,23 970 €,REST,V,,8571,
VOLKSWAGEN,Auburn,Type 2 Combi ,RM Sotheby's,7 820 €,REST,V,,8571,
VOLKSWAGEN,Paris,Typ 2 Combi custom,Artcurial,23 840 €,TR,V,,8571,
VOLKSWAGEN,Coventry,Type 2 Camping Westfalia S 042,Silverstone Auctions,28 037 €,REST+,V,,8571,
VOLKSWAGEN,Uzerche,Type 22 Combi 8 places,Me Arnaud-Lacroze / M. Saint-Gal,2 400 €,OR+,V,,8571,
,,,,,,,,8570,
VOLKSWAGEN,Woodstock,Type 2 fourgon double porte latérale LHD,Coys Auctions,9 620 €,REST,V,,8570,
,,,,,,,,11044,
VOLKSWAGEN,Goodwood,Typ 2 Devon Samba 23 vitres RHD,Bonhams,128 580 €,REST,V,,11044,
,,,,,,,,6962,
VOLKSWAGEN,Montastruc,411 2 portes,Stanislas Machoïr,2 600 €,OR+,V,,6962,
,,,,,,,,8549,
VOLKSWAGEN,Birmingham,Golf GTi 1600 (4 vitesses) RHD,Silverstone Auctions,31 340 €,OR+,V,,8549,
VOLKSWAGEN,Brooklands,Golf GTi 1600 3 portes,Historics at Brooklands,10 365 €,OR+,V,,8549,
VOLKSWAGEN,Lyon,Golf GTi 1600,Claude Aguttes,28 800 €,REST+,V,,8549,
VOLKSWAGEN,Beaulieu,Golf GTI 1600 RHD,Bonhams,22 040 €,REST,V,,8549,
VOLKSWAGEN,Toffen,Golf I 1300,Oldtimer Galerie Toffen,7 790 €,OR+,V,,8549,
VOLKSWAGEN,Birmingham,Golf GTi 1600,Silverstone Auctions,9 078 €,OR+,V,,8549,
,,,,,,,,12283,
VOLKSWAGEN,Buxton,Golf I GLS 5 portes RHD,H and H,14 360 €,OR+,V,,12283,
VOLKSWAGEN,Tarbes,Golf LD 5 portes (sans moteur ni CG),SVV Henri Adam / M. Bonoron,360 €,EP/INC,V,,12283,
VOLKSWAGEN,Tarbes,"Golf LD 5 portes, jantes alu (sans CG)",SVV Henri Adam / M. Bonoron,390 €,SEP,V,,12283,
VOLKSWAGEN,Tarbes,Golf GLD 5 portes (sans CG),SVV Henri Adam / M. Bonoron,610 €,SEP,V,,12283,
VOLKSWAGEN,Tarbes,"Golf LD 5 portes, sans mécanique",SVV Henri Adam / M. Bonoron,540 €,SEP/INC,V,,12283,
,,,,,,,,9542,
VOLKSWAGEN,Aulnay-sous-Bois,"Iltis 4 x 4 torpédo, non immatriculée",Leclère,10 080 €,OR,V,,9542,
VOLKSWAGEN,RomoRantin,Iltis 4 x 4 torpédo,Enchères Vendôme-Cheverny,3 900 €,OR,V,,9542,
,,,,,,,,6969,
VOLKSWAGEN,Fort Lauderdale,181 torpédo,RM Sotheby,22 520 €,REST,V,,6969,
VOLKSWAGEN,Amelia Island,181 torpédo,Gooding & Co,47 910 €,REST,V,,6969,
VOLKSWAGEN,Amelia Island,181 torpédo,Bonhams,10 430 €,REST,V,,6969,
VOLKSWAGEN,Phoenix,181 torpédo,RM Sotheby's,21 610 €,OR/TR,V,,6969,
VOLKSWAGEN,Toffen,181 torpédo,Oldtimer Galerie,4 790 €,OR,V,,6969,
VOLKSWAGEN,Brooklands,182 (Trekker) RHD,Historics at Brooklands,19 220 €,REST,V,,6969,
VOLKSWAGEN,Pacific Grove,181 torpédo,Worldwide Auctioneers,30 420 €,REST,V,,6969,
VOLKSWAGEN,Greenwich,181 (Thing) torpédo,Bonhams,10 290 €,REST,V,,6969,
VOLKSWAGEN,Phoenix,181 torpédo,RM Sotheby's,22 490 €,REST,V,,6969,
VOLKSWAGEN,Fontainebleau,181 torpédo,Jean-Pierre Osenat,12 000 €,REST,V,,6969,
VOLKSWAGEN,Beaulieu,181 torpédo LHD,Bonhams,6 050 €,OR+,V,,6969,
,,,,,,,,11487,
VOLKSWAGEN,Tupelo,SP-2 coupé (VW do Brasil),Bonhams,29 950 €,OR,V,,11487,
,,,,,,,,8574,
VOLKSWAGEN,Toffen,Golf GTi 1600,Oldtimer Galerie Toffen,25 160 €,OR+,V,,8574,
VOLKSWAGEN,Paris,Golf GTi 1600 3 portes 5 vitesses,Artcurial Motorcars,17 880 €,REST,V,,8574,
VOLKSWAGEN,Paris,Golf GTi 1600 (4 vitesses),Leclère,16 800 €,OR,V,,8574,
VOLKSWAGEN,Lyon,Golf GTi 1600 5 vit. 3 portes,Claude Aguttes,15 720 €,REST+,V,,8574,
VOLKSWAGEN,Fontainebleau,Golf GTi 1600 (5 vitesses),Jean-Pierre Osenat,15 200 €,REST+,V,,8574,
VOLKSWAGEN,La Mézière,Golf GTi 1600 3 portes,Alcopa Auction,11 320 €,OR+,V,,8574,
VOLKSWAGEN,Montastruc-la-Conseillère,Golf GTi 1600 (5 vitesses),SVV Machoïr,4 800 €,OR+,V,,8574,
,,,,,,,,9547,
VOLKSWAGEN,Toffen,Golf II GTi G 60 3 ou 5 portes (160 ch),Oldtimer Galerie Toffen,9 710 €,OR+,V,,9547,
VOLKSWAGEN,Beauzelle,Golf II GTI G 60 3 portes,Arnauné & Prim,10 070 €,OR+,V,,9547,
,,,,,,,,9546,
VOLKSWAGEN,Paris,Golf II Rallye G 60 4 x 4 3 portes,Claude Aguttes,23 310 €,OR+,V,,9546,
VOLKSWAGEN,Avignon,Golf II Rallye 4 x 4,Leclère,28 800 €,REST,V,,9546,
VOLKSWAGEN,Reims,Golf II 1.8 Syncro 5 portes,SVV Guizzetti & Collet / M. Meun,700 €,OR,V,,9546,
,,,,,,,,11738,
VOLKSWAGEN,Cannes,Golf II Rallye berline,Jean-Pierre Besch,12 720 €,OR+,V,,11738,
,,,,,,,,9545,
VOLKSWAGEN,Toffen,Golf II GL 5 portes,Oldtimer Galerie Toffen,4 610 €,OR+,V,,9545,
VOLKSWAGEN,Caen,Golf II GL 1.8 autom. 5 portes,Côte Enchères Atlantique / M. Pagneux,1 003 €,OR+,V,,9545,
VOLKSWAGEN,Aytré,Golf II GTi 3 portes,SCP MCS / M. Saint-Gal,496 €,OR-,V,,9545,
VOLKSWAGEN,Aytré,Golf II GTi 3 portes,"SCP Miller-Franiatte, Coudert, Sicard / M. Saint-G",690 €,OR-,V,,9545,
VOLKSWAGEN,Saint-James,Golf II GTi 3 portes modifiée Turbo,Toutain-Vente / M. Vaudouër,2 070 €,OR-/TR,V,,9545,
VOLKSWAGEN,Uzerche,Golf II GTi 3 portes,Me Arnaud-Lacroze,2 875 €,REST,V,,9545,
VOLKSWAGEN,Harrogate,Golf II GL 1.6 5 portes RHD,Bonhams,2 360 €,OR+,V,,9545,
,,,,,,,,11490,
VOLKSWAGEN,Brooklands,Golf GL Cabriolet RHD autom.,Historics at Brooklands,9 220 €,OR+,V,,11490,
VOLKSWAGEN,Romagnat,Golf II GLi Cabriolet,Vassy & Jalenques,5 490 €,REST,V,,11490,
VOLKSWAGEN,Lyon,Golf GLi Cabriolet,Osenat,19 200 €,OR+,V,,11490,
VOLKSWAGEN,Lyon,Rabbit 1.8 i Cabriolet USA,Claude Aguttes,6 720 €,OR+,V,,11490,
VOLKSWAGEN,Lyon,Golf 1.8 Cabriolet série Etienne Aigner,Claude Aguttes,7 200 €,OR+,V,,11490,
VOLKSWAGEN,Avignon,Golf GLi Cabriolet,Leclère MDV,13 200 €,REST,V,,11490,
VOLKSWAGEN,Lyon,Golf 1.8 i Cabriolet Young Line,Claude Aguttes,10 200 €,OR+,V,,11490,
VOLKSWAGEN,Toffen,Golf 1 cabriolet,Oldtimer Galerie Toffen,7 698 €,OR+,V,,11490,
VOLKSWAGEN,Beauzelle,Golf GLi cabriolet,Arnauné & Prim,5 590 €,OR,V,,11490,
VOLKSWAGEN,Fontainebleau,Golf GLi Cabriolet,Jean-Pierre Osenat,7 200 €,REST,V,,11490,
VOLKSWAGEN,Uzerche,Golf GL 1.3 Cabriolet,Brivenchères (Me Gillardeau),3 416 €,OR+,V,,11490,
VOLKSWAGEN,Bellac,Golf 1.6 Cabriolet,Me Bernard,2 173 €,OR,V,,11490,
VOLKSWAGEN,Saint-James,Golf GLi Cabriolet,Toutain-Vente / M. Vaudouër,3 750 €,OR+,V,,11490,
VOLKSWAGEN,Buxton,Golf GLi Cabriolet RHD,H & H Classic Auctions,3 270 €,REST,V,,11490,
VOLKSWAGEN,Fontainebleau,Golf 1.6 Cabriolet,Jean-Pierre Osenat,4 800 €,REST,V,,11490,
VOLKSWAGEN,Caen,Golf Cabriolet USA,Brioult Enchères / M. Pagneux,2 200 €,OR,V,,11490,
,,,,,,,,12284,
VOLKSWAGEN,Toffen,Golf GLS Cabriolet ,Oldtimer Galerie,5 010 €,OR+,V,,12284,
VOLKSWAGEN,Toulouse,Golf GLS 1.6 Cabriolet,Stanislas Machoïr,7 200 €,OR,V,,12284,
VOLKSWAGEN,Sainte-Solange,"Golf Cabriolet autom., jantes alu",SVV Daguerre,2 750 €,OR,V,,12284,
,,,,,,,,8575,
VOLKSWAGEN,Lyon,Golf GTi 1800 3 portes série Pirelli,Aguttes,20 300 €,REST+,V,,8575,
VOLKSWAGEN,Montastruc,Golf GTi 1800 3 portes,Stanislas Machoïr,15 000 €,OR,V,,8575,
VOLKSWAGEN,Avignon,Golf GTi 1800 3 portes,Leclère MDV,15 600 €,OR+,V,,8575,
VOLKSWAGEN,Kings Lynn,Golf GTi 1800 3 portes RHD,Anglia Car Auctions,5 170 €,REST+,V,,8575,
VOLKSWAGEN,Londres,Golf GTi 1800 3 portes RHD,Bonhams,4 180 €,OR+,V,,8575,
VOLKSWAGEN,Chinon,Golf Rabbit GTi 3 portes,SdV Chinon (M. Herbelin) / M. So,900 €,OR-,V,,8575,
,,,,,,,,8550,
VOLKSWAGEN,Lyon,Golf GTi 16 S Oettinger,Osenat,32 400 €,OR+,V,,8550,
VOLKSWAGEN,Lyon,Golf GTi 16 S Oettinger 136 ch,Aguttes,33 870 €,REST,V,,8550,
VOLKSWAGEN,Linas,"Golf GTi 16 S Oettinger, moteur 2.0 + origine",Aguttes,40 120 €,REST+,V,,8550,
VOLKSWAGEN,Lyon,Golf GTi 16 S Oettinger,Aguttes,40 160 €,REST,V,,8550,
VOLKSWAGEN,Paris,Golf GTi 16 S Oettinger,Artcurial Motorcars,26 224 €,REST,V,,8550,
VOLKSWAGEN,Lyon,Golf GTi 16 S Oettinger,Claude Aguttes,46 800 €,REST+,V,,8550,
VOLKSWAGEN,Paris,Golf GTi 16 S Oettinger,Artcurial Motorcars,33 376 €,REST+,V,,8550,
,,,,,,,,12541,
VOLKSWAGEN,ONLINE,Golf III Cabriolet Avant Garde RHD,H and H,4 720 €,OR,V,,12541,
,,,,,,,,9549,
VOLKSWAGEN,La Mézière,Scirocco II GT 1.8,Alcopa,3 960 €,OR+,V,,9549,
VOLKSWAGEN,Lyon,Scirocco II GLi,Aguttes,6 640 €,OR,V,,9549,
VOLKSWAGEN,La Mézière,Scirocco II GT 1.8,Alcopa Auction Rennes,3 640 €,OR+,V,,9549,
VOLKSWAGEN,Nogent-le-Rotrou,Scirocco II GT,SVV Ecklé,650 €,OR,V,,9549,
VOLKSWAGEN,Sandown Park,Scirocco II 1.8 Scala RHD,Barons,2 030 €,OR+,V,,9549,
VOLKSWAGEN,Blackbushe,Scirocco II GT 1.8 coupé RHD autom.,BCA Classic & Historic,1 580 €,OR+,V,,9549,
VOLKSWAGEN,Sandown Park,Scirocco II GT 1.8 coupé RHD,Barons Auctions,4 340 €,OR+,V,,9549,
,,,,,,,,9541,
VOLKSWAGEN,La Mézière,Scirocco GT 1600 coupé,Alcopa Auction,5 310 €,OR,V,,9541,
,,,,,,,,12286,
VOLKSWAGEN,Brooklands,Golf IV V5 170 ch 5 portes RHD,Historics at Brooklands,2 300 €,OR+,V,,12286,
,,,,,,,,11986,
VOLKSWAGEN,La Mézière,Golf III Cabriolet 1.8 Joker,Alcopa Auction Rennes,1 460 €,OR,V,,11986,
,,,,,,,,11985,
VOLKSWAGEN,Esvres sur Indre,"Golf III VR 6 2.8 3 portes, jantes BBS",Alcopa Auction Tours,6 330 €,OR,V,,11985,
,,,,,,,,11438,
VOLKSWAGEN,Ascot,Corrado VR 6 Storm coupé RHD,Coys Auctions,10 050 €,OR+,V,,11438,
,,,,,,,,11488,
VOLKSWAGEN,Fléville devant Nancy,Corrado 2.0 16 V,Alcopa Auction Nancy,4 630 €,OR+,V,,11488,
,,,,,,,,12287,
VOLKSWAGEN,La Mézière,Transporter Wesfalia camping,Alcopa Auction,9 160 €,OR,V,,12287,
VOLKSWAGEN,Milan,New Beetle Cabriolet,RM Sotheby's,16 800 €,OR+,V,,12287,
,,,,,,,,12472,
VOLKSWAGEN,Lyon,"Lupo GTi 3 portes, boîte 6",Aguttes,9 000 €,OR+,V,,12472,
,,,,,,,,12282,
VOLKSWAGEN,Esvres sur Indre,Polo III Coupé G 40 toit ouvrant,Alcopa Auction Tours,4 040 €,OR,V,,12282,
,,,,,,,,12417,
VOLKSWAGEN,Fontainebleau,Polo coupé-cabriolet Treser,Osenat,9 600 €,OR+,V,,12417,
