auction_brand,auction_date,auction_location,auction_model,auction_organizor,auction_price,auction_restauration_code,auction_sales_code,model,quote_id,year
,,,,,,,,,6968,
VOLKSWAGEN,08/02/2019,Paris,Typ 166 Schwimmwagen,Artcurial,119 200 €,REST,V,,6968,
VOLKSWAGEN,25/03/2013,Bruxelles,Typ 166 Schwimmwagen,Pierre Bergé & Associés,132 000 €,REST+,V,,6968,
VOLKSWAGEN,12/08/2012,Nysted,Typ 166 Schwimmwagen,RM Auctions,112 560 €,RAR,V,,6968,
VOLKSWAGEN,13/11/2009,Le Gua,Typ 166 Schwimmwagen,Hermann Historica,84 000 €,REST,V,,6968,
VOLKSWAGEN,14/06/2008,Le Gua,"Typ 166 ""Schwimmwagen""",Hermann Historica,120 000 €,REST,V,,6968,
VOLKSWAGEN,10/05/2008,Monaco (Bonhams),"Typ 166 Schwimmwagen, moteur 1300",Bonhams SAM,130 000 €,REST+/TR,V,,6968,
VOLKSWAGEN,12/11/2007,Vimoutiers,"Typ 166 Schwimmwagen, moteur plus récent",Demade Enchères,68 000 €,RAR/TR,V,,6968,
,,,,,,,,,6937,
VOLKSWAGEN,19/06/2016,Fontainebleau,Coccinelle 1302 coach,Jean-Pierre Osenat,15 000 €,OR+,V,,6937,
VOLKSWAGEN,03/12/2012,Weybridge,Coccinelle 1302 S coach RHD,Bonhams,9 214 €,OR+,V,,6937,
VOLKSWAGEN,20/07/2008,Uzerche,Coccinelle 1302 L coach,Me Arnaud-Lacroze / M. Saint Gal,3 400 €,OR,V,,6937,
VOLKSWAGEN,09/06/2007,Nonsard,Coccinelle 1302 L coach toit ouvrant,SCP Cappelaere & Prunaux,4 000 €,REST,V,,6937,
,,,,,,,,,6948,
VOLKSWAGEN,19/03/2017,Goodwood,Karmann-Ghia 1600 coupé USA,Bonhams,8 830 €,REST,V,,6948,
VOLKSWAGEN,08/11/2015,Lyon (Epoqu'auto),Karmann-Ghia 1600 (T 14) coupé,Jean-Pierre Osenat,18 000 €,OR+,V,,6948,
VOLKSWAGEN,09/11/2014,Lyon (Epoqu'auto),Karmann-Ghia 1600 coupé ex-USA,Jean-Pierre Osenat,14 300 €,REST-,V,,6948,
VOLKSWAGEN,13/09/2006,Buxton,Karmann-Ghia 1600 coupé T 14 LHD ex-USA,H & H Classic Auctions,4 200 €,OR+,V,,6948,
,,,,,,,,,6959,
VOLKSWAGEN,10/11/2016,Fayence,1600 TLE coupé RHD,Jean-Pierre Osenat,1 875 €,EP,V,,6959,
,,,,,,,,,11835,
VOLKSWAGEN,29/03/2017,Duxford,Transporter (T 3) Komet Autohomes 1.9 RHD,H & H Classic Auctions,12 040 €,REST,V,,11835,
VOLKSWAGEN,20/07/2015,Monaco,Transporter (T 3) 2 litres pick-up,Artcurial Motorcars,1 192 €,OR,V,,11835,
,,,,,,,,,8549,
VOLKSWAGEN,23/02/2019,Birmingham,Golf GTi 1600 (4 vitesses) RHD,Silverstone Auctions,31 340 €,OR+,V,,8549,
VOLKSWAGEN,26/11/2016,Brooklands,Golf GTi 1600 3 portes,Historics at Brooklands,10 365 €,OR+,V,,8549,
VOLKSWAGEN,05/11/2016,Lyon,Golf GTi 1600,Claude Aguttes,28 800 €,REST+,V,,8549,
VOLKSWAGEN,05/09/2015,Beaulieu,Golf GTI 1600 RHD,Bonhams,22 040 €,REST,V,,8549,
VOLKSWAGEN,26/04/2014,Toffen,Golf I 1300,Oldtimer Galerie Toffen,7 790 €,OR+,V,,8549,
VOLKSWAGEN,17/11/2012,Birmingham,Golf GTi 1600,Silverstone Auctions,9 078 €,OR+,V,,8549,
,,,,,,,,,9547,
VOLKSWAGEN,14/10/2017,Toffen,Golf II GTi G 60 3 ou 5 portes (160 ch),Oldtimer Galerie Toffen,9 710 €,OR+,V,,9547,
VOLKSWAGEN,02/05/2015,Beauzelle,Golf II GTI G 60 3 portes,Arnauné & Prim,10 070 €,OR+,V,,9547,
,,,,,,,,,9549,
VOLKSWAGEN,18/06/2018,La Mézière,Scirocco II GT 1.8,Alcopa,3 960 €,OR+,V,,9549,
VOLKSWAGEN,14/04/2018,Lyon,Scirocco II GLi,Aguttes,6 640 €,OR,V,,9549,
VOLKSWAGEN,08/05/2017,La Mézière,Scirocco II GT 1.8,Alcopa Auction Rennes,3 640 €,OR+,V,,9549,
VOLKSWAGEN,11/12/2010,Nogent-le-Rotrou,Scirocco II GT,SVV Ecklé,650 €,OR,V,,9549,
VOLKSWAGEN,29/04/2008,Sandown Park,Scirocco II 1.8 Scala RHD,Barons,2 030 €,OR+,V,,9549,
VOLKSWAGEN,27/11/2007,Blackbushe,Scirocco II GT 1.8 coupé RHD autom.,BCA Classic & Historic,1 580 €,OR+,V,,9549,
VOLKSWAGEN,06/02/2007,Sandown Park,Scirocco II GT 1.8 coupé RHD,Barons Auctions,4 340 €,OR+,V,,9549,
,,,,,,,,,12287,
VOLKSWAGEN,11/09/2017,La Mézière,Transporter Wesfalia camping,Alcopa Auction,9 160 €,OR,V,,12287,
VOLKSWAGEN,25/11/2016,Milan,New Beetle Cabriolet,RM Sotheby's,16 800 €,OR+,V,,12287,
,,,,,,,,,12472,
VOLKSWAGEN,01/07/2018,Lyon,"Lupo GTi 3 portes, boîte 6",Aguttes,9 000 €,OR+,V,,12472,
,,,,,,,,,12282,
VOLKSWAGEN,07/04/2017,Esvres sur Indre,Polo III Coupé G 40 toit ouvrant,Alcopa Auction Tours,4 040 €,OR,V,,12282,
,,,,,,,,,12417,
VOLKSWAGEN,21/10/2017,Fontainebleau,Polo coupé-cabriolet Treser,Osenat,9 600 €,OR+,V,,12417,
,,,,,,,,,11438,
VOLKSWAGEN,30/09/2006,Ascot,Corrado VR 6 Storm coupé RHD,Coys Auctions,10 050 €,OR+,V,,11438,
,,,,,,,,,11488,
VOLKSWAGEN,08/03/2017,Fléville devant Nancy,Corrado 2.0 16 V,Alcopa Auction Nancy,4 630 €,OR+,V,,11488,
,,,,,,,,,9541,
VOLKSWAGEN,11/09/2017,La Mézière,Scirocco GT 1600 coupé,Alcopa Auction,5 310 €,OR,V,,9541,
,,,,,,,,,12286,
VOLKSWAGEN,22/09/2018,Brooklands,Golf IV V5 170 ch 5 portes RHD,Historics at Brooklands,2 300 €,OR+,V,,12286,
,,,,,,,,,11986,
VOLKSWAGEN,08/05/2017,La Mézière,Golf III Cabriolet 1.8 Joker,Alcopa Auction Rennes,1 460 €,OR,V,,11986,
,,,,,,,,,11985,
VOLKSWAGEN,07/04/2017,Esvres sur Indre,"Golf III VR 6 2.8 3 portes, jantes BBS",Alcopa Auction Tours,6 330 €,OR,V,,11985,
,,,,,,,,,12541,
VOLKSWAGEN,01/05/2019,ONLINE,Golf III Cabriolet Avant Garde RHD,H and H,4 720 €,OR,V,,12541,
,,,,,,,,,9546,
VOLKSWAGEN,23/06/2019,Paris,Golf II Rallye G 60 4 x 4 3 portes,Claude Aguttes,23 310 €,OR+,V,,9546,
VOLKSWAGEN,25/03/2018,Avignon,Golf II Rallye 4 x 4,Leclère,28 800 €,REST,V,,9546,
VOLKSWAGEN,22/10/2006,Reims,Golf II 1.8 Syncro 5 portes,SVV Guizzetti & Collet / M. Meun,700 €,OR,V,,9546,
,,,,,,,,,11738,
VOLKSWAGEN,14/06/2015,Cannes,Golf II Rallye berline,Jean-Pierre Besch,12 720 €,OR+,V,,11738,
,,,,,,,,,9545,
VOLKSWAGEN,14/10/2017,Toffen,Golf II GL 5 portes,Oldtimer Galerie Toffen,4 610 €,OR+,V,,9545,
VOLKSWAGEN,26/06/2016,Caen,Golf II GL 1.8 autom. 5 portes,Côte Enchères Atlantique / M. Pagneux,1 003 €,OR+,V,,9545,
VOLKSWAGEN,28/06/2015,Aytré,Golf II GTi 3 portes,SCP MCS / M. Saint-Gal,496 €,OR-,V,,9545,
VOLKSWAGEN,19/10/2014,Aytré,Golf II GTi 3 portes,"SCP Miller-Franiatte, Coudert, Sicard / M. Saint-G",690 €,OR-,V,,9545,
VOLKSWAGEN,01/04/2013,Saint-James,Golf II GTi 3 portes modifiée Turbo,Toutain-Vente / M. Vaudouër,2 070 €,OR-/TR,V,,9545,
VOLKSWAGEN,22/07/2012,Uzerche,Golf II GTi 3 portes,Me Arnaud-Lacroze,2 875 €,REST,V,,9545,
VOLKSWAGEN,17/11/2010,Harrogate,Golf II GL 1.6 5 portes RHD,Bonhams,2 360 €,OR+,V,,9545,
,,,,,,,,,11490,
VOLKSWAGEN,22/09/2018,Brooklands,Golf GL Cabriolet RHD autom.,Historics at Brooklands,9 220 €,OR+,V,,11490,
VOLKSWAGEN,20/01/2018,Romagnat,Golf II GLi Cabriolet,Vassy & Jalenques,5 490 €,REST,V,,11490,
VOLKSWAGEN,12/11/2017,Lyon,Golf GLi Cabriolet,Osenat,19 200 €,OR+,V,,11490,
VOLKSWAGEN,10/06/2017,Lyon,Rabbit 1.8 i Cabriolet USA,Claude Aguttes,6 720 €,OR+,V,,11490,
VOLKSWAGEN,10/06/2017,Lyon,Golf 1.8 Cabriolet série Etienne Aigner,Claude Aguttes,7 200 €,OR+,V,,11490,
VOLKSWAGEN,26/03/2017,Avignon,Golf GLi Cabriolet,Leclère MDV,13 200 €,REST,V,,11490,
VOLKSWAGEN,05/11/2016,Lyon,Golf 1.8 i Cabriolet Young Line,Claude Aguttes,10 200 €,OR+,V,,11490,
VOLKSWAGEN,28/11/2015,Toffen,Golf 1 cabriolet,Oldtimer Galerie Toffen,7 698 €,OR+,V,,11490,
VOLKSWAGEN,02/05/2015,Beauzelle,Golf GLi cabriolet,Arnauné & Prim,5 590 €,OR,V,,11490,
VOLKSWAGEN,15/03/2015,Fontainebleau,Golf GLi Cabriolet,Jean-Pierre Osenat,7 200 €,REST,V,,11490,
VOLKSWAGEN,20/07/2014,Uzerche,Golf GL 1.3 Cabriolet,Brivenchères (Me Gillardeau),3 416 €,OR+,V,,11490,
VOLKSWAGEN,16/06/2013,Bellac,Golf 1.6 Cabriolet,Me Bernard,2 173 €,OR,V,,11490,
VOLKSWAGEN,25/04/2011,Saint-James,Golf GLi Cabriolet,Toutain-Vente / M. Vaudouër,3 750 €,OR+,V,,11490,
VOLKSWAGEN,21/07/2010,Buxton,Golf GLi Cabriolet RHD,H & H Classic Auctions,3 270 €,REST,V,,11490,
VOLKSWAGEN,17/10/2010,Fontainebleau,Golf 1.6 Cabriolet,Jean-Pierre Osenat,4 800 €,REST,V,,11490,
VOLKSWAGEN,03/07/2010,Caen,Golf Cabriolet USA,Brioult Enchères / M. Pagneux,2 200 €,OR,V,,11490,
,,,,,,,,,12284,
VOLKSWAGEN,30/03/2019,Toffen,Golf GLS Cabriolet ,Oldtimer Galerie,5 010 €,OR+,V,,12284,
VOLKSWAGEN,22/09/2018,Toulouse,Golf GLS 1.6 Cabriolet,Stanislas Machoïr,7 200 €,OR,V,,12284,
VOLKSWAGEN,12/11/2016,Sainte-Solange,"Golf Cabriolet autom., jantes alu",SVV Daguerre,2 750 €,OR,V,,12284,
,,,,,,,,,11490&index=2,
VOLKSWAGEN,30/03/2019,Toffen,Golf GLS Cabriolet ,Oldtimer Galerie,5 010 €,OR+,V,,11490&index=2,
VOLKSWAGEN,22/09/2018,Toulouse,Golf GLS 1.6 Cabriolet,Stanislas Machoïr,7 200 €,OR,V,,11490&index=2,
VOLKSWAGEN,12/11/2016,Sainte-Solange,"Golf Cabriolet autom., jantes alu",SVV Daguerre,2 750 €,OR,V,,11490&index=2,
,,,,,,,,,8575,
VOLKSWAGEN,01/07/2018,Lyon,Golf GTi 1800 3 portes série Pirelli,Aguttes,20 300 €,REST+,V,,8575,
VOLKSWAGEN,08/04/2018,Montastruc,Golf GTi 1800 3 portes,Stanislas Machoïr,15 000 €,OR,V,,8575,
VOLKSWAGEN,26/03/2017,Avignon,Golf GTi 1800 3 portes,Leclère MDV,15 600 €,OR+,V,,8575,
VOLKSWAGEN,30/01/2010,Kings Lynn,Golf GTi 1800 3 portes RHD,Anglia Car Auctions,5 170 €,REST+,V,,8575,
VOLKSWAGEN,20/04/2009,Londres,Golf GTi 1800 3 portes RHD,Bonhams,4 180 €,OR+,V,,8575,
VOLKSWAGEN,18/11/2007,Chinon,Golf Rabbit GTi 3 portes,SdV Chinon (M. Herbelin) / M. So,900 €,OR-,V,,8575,
,,,,,,,,,8550,
VOLKSWAGEN,11/11/2018,Lyon,Golf GTi 16 S Oettinger,Osenat,32 400 €,OR+,V,,8550,
VOLKSWAGEN,10/11/2018,Lyon,Golf GTi 16 S Oettinger 136 ch,Aguttes,33 870 €,REST,V,,8550,
VOLKSWAGEN,30/09/2018,Linas,"Golf GTi 16 S Oettinger, moteur 2.0 + origine",Aguttes,40 120 €,REST+,V,,8550,
VOLKSWAGEN,14/04/2018,Lyon,Golf GTi 16 S Oettinger,Aguttes,40 160 €,REST,V,,8550,
VOLKSWAGEN,30/10/2016,Paris,Golf GTi 16 S Oettinger,Artcurial Motorcars,26 224 €,REST,V,,8550,
VOLKSWAGEN,12/03/2016,Lyon,Golf GTi 16 S Oettinger,Claude Aguttes,46 800 €,REST+,V,,8550,
VOLKSWAGEN,01/11/2015,Paris,Golf GTi 16 S Oettinger,Artcurial Motorcars,33 376 €,REST+,V,,8550,
,,,,,,,,,8574,
VOLKSWAGEN,21/04/2018,Toffen,Golf GTi 1600,Oldtimer Galerie Toffen,25 160 €,OR+,V,,8574,
VOLKSWAGEN,08/04/2018,Paris,Golf GTi 1600 3 portes 5 vitesses,Artcurial Motorcars,17 880 €,REST,V,,8574,
VOLKSWAGEN,22/10/2017,Paris,Golf GTi 1600 (4 vitesses),Leclère,16 800 €,OR,V,,8574,
VOLKSWAGEN,10/06/2017,Lyon,Golf GTi 1600 5 vit. 3 portes,Claude Aguttes,15 720 €,REST+,V,,8574,
VOLKSWAGEN,19/03/2017,Fontainebleau,Golf GTi 1600 (5 vitesses),Jean-Pierre Osenat,15 200 €,REST+,V,,8574,
VOLKSWAGEN,31/10/2016,La Mézière,Golf GTi 1600 3 portes,Alcopa Auction,11 320 €,OR+,V,,8574,
VOLKSWAGEN,17/05/2009,Montastruc-la-Conseillère,Golf GTi 1600 (5 vitesses),SVV Machoïr,4 800 €,OR+,V,,8574,
,,,,,,,,,12283,
VOLKSWAGEN,10/04/2019,Buxton,Golf I GLS 5 portes RHD,H and H,14 360 €,OR+,V,,12283,
VOLKSWAGEN,20/01/2019,Tarbes,Golf LD 5 portes (sans moteur ni CG),SVV Henri Adam / M. Bonoron,360 €,EP/INC,V,,12283,
VOLKSWAGEN,20/01/2019,Tarbes,"Golf LD 5 portes, jantes alu (sans CG)",SVV Henri Adam / M. Bonoron,390 €,SEP,V,,12283,
VOLKSWAGEN,20/01/2019,Tarbes,Golf GLD 5 portes (sans CG),SVV Henri Adam / M. Bonoron,610 €,SEP,V,,12283,
VOLKSWAGEN,20/01/2019,Tarbes,"Golf LD 5 portes, sans mécanique",SVV Henri Adam / M. Bonoron,540 €,SEP/INC,V,,12283,
,,,,,,,,,9542,
VOLKSWAGEN,10/12/2017,Aulnay-sous-Bois,"Iltis 4 x 4 torpédo, non immatriculée",Leclère,10 080 €,OR,V,,9542,
VOLKSWAGEN,24/01/2010,RomoRantin,Iltis 4 x 4 torpédo,Enchères Vendôme-Cheverny,3 900 €,OR,V,,9542,
,,,,,,,,,6969,
VOLKSWAGEN,29/03/2019,Fort Lauderdale,181 torpédo,RM Sotheby,22 520 €,REST,V,,6969,
VOLKSWAGEN,08/03/2019,Amelia Island,181 torpédo,Gooding & Co,47 910 €,REST,V,,6969,
VOLKSWAGEN,07/03/2019,Amelia Island,181 torpédo,Bonhams,10 430 €,REST,V,,6969,
VOLKSWAGEN,17/01/2019,Phoenix,181 torpédo,RM Sotheby's,21 610 €,OR/TR,V,,6969,
VOLKSWAGEN,20/10/2018,Toffen,181 torpédo,Oldtimer Galerie,4 790 €,OR,V,,6969,
VOLKSWAGEN,19/05/2018,Brooklands,182 (Trekker) RHD,Historics at Brooklands,19 220 €,REST,V,,6969,
VOLKSWAGEN,17/08/2017,Pacific Grove,181 torpédo,Worldwide Auctioneers,30 420 €,REST,V,,6969,
VOLKSWAGEN,04/06/2017,Greenwich,181 (Thing) torpédo,Bonhams,10 290 €,REST,V,,6969,
VOLKSWAGEN,19/01/2017,Phoenix,181 torpédo,RM Sotheby's,22 490 €,REST,V,,6969,
VOLKSWAGEN,14/06/2015,Fontainebleau,181 torpédo,Jean-Pierre Osenat,12 000 €,REST,V,,6969,
VOLKSWAGEN,12/09/2009,Beaulieu,181 torpédo LHD,Bonhams,6 050 €,OR+,V,,6969,
,,,,,,,,,11487,
VOLKSWAGEN,27/04/2019,Tupelo,SP-2 coupé (VW do Brasil),Bonhams,29 950 €,OR,V,,11487,
,,,,,,,,,6962,
VOLKSWAGEN,28/04/2013,Montastruc,411 2 portes,Stanislas Machoïr,2 600 €,OR+,V,,6962,
,,,,,,,,,8573,
VOLKSWAGEN,18/05/2019,Brooklands,Typ 25 Camping,Historics at Brooklands,5 410 €,OR,V,,8573,
VOLKSWAGEN,10/04/2019,Buxton,Typ 2 Camping,H and H,11 100 €,REST,V,,8573,
VOLKSWAGEN,02/03/2019,Ascott,Typ 2 Camping Bay-window 1600 RHD,Historics at Brooklands,42 290 €,REST,V,,8573,
VOLKSWAGEN,11/10/2018,Hershey,Typ 2 Camper,RM Sotheby's,28 470 €,REST,V,,8573,
VOLKSWAGEN,11/05/2018,Auburn,Typ 2 Camping Westfalia,RM Sotheby's,15 490 €,REST,V,,8573,
VOLKSWAGEN,29/04/2017,Toffen,Transporter Bus,Oldtimer Galerie Toffen,4 840 €,OR,V,,8573,
VOLKSWAGEN,06/02/2017,La Mézière,Typ 25 Camping Westfalia ex-USA,Alcopa Auction Rennes,21 060 €,OR+,V,,8573,
VOLKSWAGEN,20/04/2016,Duxford,Typ 2 Camping RHD,H & H Classic Auctions,32 641 €,REST,V,,8573,
VOLKSWAGEN,20/03/2016,Goodwood,Typ 2 camping Canterbury Pitt RHD,Bonhams,36 490 €,REST,V,,8573,
VOLKSWAGEN,10/12/2015,Londres,Typ 24 Camping Devon RHD,Bonhams,118 350 €,REST+,V,,8573,
VOLKSWAGEN,15/01/2015,Phoenix,Typ 2 camping-car Westfalia,RM Auctions,94 050 €,REST,V,,8573,
VOLKSWAGEN,09/03/2013,Brooklands,Typ 2 Camping Westfalia RHD,Historics at Brooklands,9 212 €,OR+,V,,8573,
VOLKSWAGEN,20/10/2007,Ascot,"Type 2 Camping (Brazil) RHD, ex-Pete Townshend",Coys Auctions,33 000 €,EX,V,,8573,
,,,,,,,,,8572,
VOLKSWAGEN,25/05/2013,Spa Francorchamps,Typ 2 Microbus,Bonhams,19 550 €,REST+,V,,8572,
VOLKSWAGEN,12/03/2009,Londres,Type 2 Bus L (Clipper),Coys,17 600 €,REST+,V,,8572,
,,,,,,,,,8571,
VOLKSWAGEN,30/09/2018,Linas,Typ 2 Combi,Aguttes,41 300 €,OR,V,,8571,
VOLKSWAGEN,28/09/2018,Southam,Typ 2 pick-up 1600 RHD ex-Afrique du Sud,Silverstone Auctions,23 970 €,REST,V,,8571,
VOLKSWAGEN,02/09/2018,Auburn,Type 2 Combi ,RM Sotheby's,7 820 €,REST,V,,8571,
VOLKSWAGEN,09/02/2018,Paris,Typ 2 Combi custom,Artcurial,23 840 €,TR,V,,8571,
VOLKSWAGEN,25/02/2012,Coventry,Type 2 Camping Westfalia S 042,Silverstone Auctions,28 037 €,REST+,V,,8571,
VOLKSWAGEN,25/07/2010,Uzerche,Type 22 Combi 8 places,Me Arnaud-Lacroze / M. Saint-Gal,2 400 €,OR+,V,,8571,
,,,,,,,,,8570,
VOLKSWAGEN,05/07/2008,Woodstock,Type 2 fourgon double porte latérale LHD,Coys Auctions,9 620 €,REST,V,,8570,
,,,,,,,,,11044,
VOLKSWAGEN,26/06/2015,Goodwood,Typ 2 Devon Samba 23 vitres RHD,Bonhams,128 580 €,REST,V,,11044,
,,,,,,,,,11042,
VOLKSWAGEN,29/05/2019,Auburn,Typ 26 Pick-up custom,RM Sotheby's,15 740 €,REST/TR,V,,11042,
VOLKSWAGEN,18/08/2017,Pebble Beach,Typ 2 Pick-up double cabine,Gooding & Co,83 240 €,REST,V,,11042,
VOLKSWAGEN,04/02/2016,Paris,Typ 2 Pick-up double cabine,Bonhams,58 650 €,REST+,V,,11042,
VOLKSWAGEN,11/03/2011,AmeliA IslAnd,Type 26 Pick-up double-cabine,Gooding & Company,46 080 €,REST+,V,,11042,
VOLKSWAGEN,03/05/2009,Montbazon,Type 26 plateau large Westfalia,Five Auction Tours,2 000 €,OR,V,,11042,
,,,,,,,,,8569,
VOLKSWAGEN,30/06/2019,Chantilly,Typ 24 Bus de Luxe (21 fenêtres),Bonhams,103 500 €,REST,V,,8569,
VOLKSWAGEN,07/02/2019,Paris,Typ 24 Bus de Luxe 21 fenêtres,Bonhams,50 600 €,REST+,V,,8569,
VOLKSWAGEN,08/02/2019,Paris,Typ 24 Bus de Luxe (21 fenêtres),Artcurial,143 040 €,OR+,V,,8569,
VOLKSWAGEN,24/08/2018,Monterey,Typ 24 Bus de Luxe,RM Sotheby's,154 060 €,REST,V,,8569,
VOLKSWAGEN,24/08/2018,Quail Lodge,Typ 24 Bus de Luxe,Bonhams,86 660 €,REST,V,,8569,
VOLKSWAGEN,10/03/2018,Amelia Island,Typ 24 Bus de Luxe,RM Sotheby,102 530 €,REST,V,,8569,
VOLKSWAGEN,13/05/2017,Silverstone,Typ 24 Bus de Luxe (21 fenêtres),Silverstone Auctions,72 260 €,REST,V,,8569,
VOLKSWAGEN,14/01/2017,Scottsdale,Typ 24 Bus de Luxe,Barrett-Jackson,134 460 €,REST,V,,8569,
VOLKSWAGEN,10/02/2017,Paris,"Typ 24 Bus de Luxe 21 fenêtres, toit souple",Artcurial Motorcars,97 740 €,REST+,V,,8569,
VOLKSWAGEN,10/09/2016,Goodwood,"Type 24 Bus de Luxe LHD ex-USA, toit souple",Bonhams,95 100 €,REST+,V,,8569,
VOLKSWAGEN,26/04/2008,Toffen,"Type 24 Bus de Luxe ""21 fenêtres"" toit ouvrant",Oldtimer Galerie Toffen,29 900 €,OR+,V,,8569,
,,,,,,,,,8568,
VOLKSWAGEN,02/06/2019,Greenwich,Typ 24 Bus De Luxe (23 fenêtres),Bonhams,47 130 €,REST,V,,8568,
VOLKSWAGEN,17/01/2019,Scottsdale,Typ 24 Bus De Luxe (23 fenêtres),Bonhams,166 980 €,REST+,V,,8568,
VOLKSWAGEN,24/08/2018,Monterey,Typ 24 Bus De Luxe,RM Sotheby's,86 660 €,REST,V,,8568,
VOLKSWAGEN,06/04/2018,Fort Lauderdale,Typ 24 Bus De Luxe,RM Sotheby's,138 770 €,REST,V,,8568,
VOLKSWAGEN,19/01/2018,Scottsdale,Typ 24 Bus De Luxe,Gooding & Co,179 960 €,REST,V,,8568,
VOLKSWAGEN,06/12/2017,New York,Typ 24 Bus De Luxe (23 fenêtres),RM Sotheby,175 500 €,REST,V,,8568,
VOLKSWAGEN,12/03/2016,Amelia Island,Typ 24 bus 23 fenêtres + Eriba Puck,RM Sotheby's,143 550 €,REST,V,,8568,
VOLKSWAGEN,19/09/2009,Kaufdorf,Type 24 Bus Beutler,Oldtimer Galerie Toffen,3 630 €,EP,V,,8568,
VOLKSWAGEN,27/05/2007,Brands Hatch,"Type 24 Bus De Luxe ""23 fenêtres"" RHD, moteur 2.4",Coys Auctions,62 250 €,REST/TR,V,,8568,
,,,,,,,,,11045,
VOLKSWAGEN,07/04/2019,goodwood,Typ 23 Camping-car ,Bonhams,44 830 €,REST,V,,11045,
VOLKSWAGEN,02/03/2019,Ascott,T 2 Camping-car Westfalia Bay-windiw,Historics at Brooklands,11 840 €,REST,V,,11045,
VOLKSWAGEN,07/02/2019,Paris,Typ 21 Camping,Bonhams,44 850 €,REST,V,,11045,
VOLKSWAGEN,21/07/2018,Silverstone,Typ 23 EZ Campers double ouverture G et D,Silverstone Auctions,75 580 €,REST,V,,11045,
VOLKSWAGEN,29/03/2017,Duxford,Typ 23 camping-car Riviera,H & H Classic Auctions,29 020 €,REST,V,,11045,
VOLKSWAGEN,19/01/2017,Scottsdale,Typ 2 Camper Westfalia,Bonhams,54 320 €,REST,V,,11045,
VOLKSWAGEN,04/02/2016,Paris,"Typ 2 camping-car Westfalia, moteur 1.8",Bonhams,92 000 €,REST+/TR,V,,11045,
VOLKSWAGEN,08/03/2014,Brooklands,Typ 2 camping car Westfalia,Historics at Brooklands,12 852 €,REST/TR,V,,11045,
VOLKSWAGEN,25/02/2012,Coventry,Type 2 Camping Devon Caravanette RHD,Silverstone Auctions,19 824 €,REST,V,,11045,
,,,,,,,,,8567,
VOLKSWAGEN,06/04/2018,Fort Lauderdale,Typ 23 Combi,RM Sotheby's,33 220 €,REST,V,,8567,
VOLKSWAGEN,12/11/2017,Lyon,Typ 23 Combi 11 fenêtres brésilien,Osenat,48 000 €,REST,V,,8567,
VOLKSWAGEN,10/06/2017,Lyon,"Typ 23 Combi de Luxe 1500, prod. Brésil",Claude Aguttes,33 720 €,REST,V,,8567,
VOLKSWAGEN,08/09/2014,Londres,Type 24 Bus de luxe 21 fenêtres,RM Auctions,66 388 €,REST,V,,8567,
VOLKSWAGEN,08/03/2014,Brooklands,Typ 2 camping car Westfalia,Historics at Brooklands,23 134 €,REST,V,,8567,
VOLKSWAGEN,17/01/2014,Phoenix (Arizona),Kombi 23 fenêtres option sièges séparés,RM Auctions,61 050 €,REST+,V,,8567,
VOLKSWAGEN,30/04/2012,Londres,Type 23 Kombi RHD ex-Indonésie,Bonhams,6 346 €,REC,V,,8567,
VOLKSWAGEN,22/10/2010,Sparkford,"Combi “split” Brasil LHD, ex-Jenson Button",H & H Classic Auctions,19 150 €,REST+/EX,V,,8567,
VOLKSWAGEN,15/10/2006,Fontainebleau,"Type 23 Camping 2 litres, toit relevable",Jean-Pierre Osenat,4 800 €,OR+,V,,8567,
VOLKSWAGEN,09/09/2006,Beaulieu,Type 23 Kombi LHD,Bonhams,14 700 €,REST,V,,8567,
,,,,,,,,,11041,
VOLKSWAGEN,28/11/2018,Buxton,Typ 22 Bus (15 fenêtres) ,H and H,17 770 €,REST,V,,11041,
VOLKSWAGEN,25/04/2015,Toffen,Typ 2 minibus 8 places,Oldtimer Galerie Toffen,96 495 €,REST+,V,,11041,
,,,,,,,,,12117,
VOLKSWAGEN,13/07/2019,Brooklands,Typ 2 fourgon (aménagé camping),Historics at Brooklands,28 710 €,REST,V,,12117,
VOLKSWAGEN,30/06/2019,Chantilly,Typ 2 fourgon,Bonhams,14 380 €,OR+,V,,12117,
VOLKSWAGEN,10/03/2018,Amelia Island,Typ 2 pick-up,RM Sotheby,52 400 €,REST,V,,12117,
,,,,,,,,,8566,
VOLKSWAGEN,01/05/2019,ONLINE,Typ 2 fourgon / Combi camping par Canterbury Pitt RHD,H and H,19 660 €,REST,V,,8566,
VOLKSWAGEN,31/05/2017,Ascot,Typ 2 Combi ,Historics at Brooklands,20 180 €,REST,V,,8566,
VOLKSWAGEN,10/11/2007,Vimoutiers,Typ 2 fourgon surélevé (sans CG),Demade Enchères,250 €,EP,V,,8566,
VOLKSWAGEN,27/02/2007,Londres,Type 21 fourgon tôlé LHD neuf (33 km d'origine),Coys Auctions,22 010 €,EX,V,,8566,
VOLKSWAGEN,17/08/2006,Monterey,Type 211 Microbus,Christie's USA,17 600 €,REST+,V,,8566,
,,,,,,,,,9532,
VOLKSWAGEN,10/11/2016,Fayence,1600 L Variant break,Jean-Pierre Osenat,1 500 €,EP,V,,9532,
VOLKSWAGEN,10/11/2016,Fayence,1600 Variant break,Jean-Pierre Osenat,2 250 €,EP,V,,9532,
VOLKSWAGEN,29/03/2008,Essen,Type 3 Variant moteur Porsche 993,Coys Europe,30 000 €,TR/EX,V,,9532,
,,,,,,,,,6957,
VOLKSWAGEN,25/09/2011,Versailles,"1600 TL coupé ""fastback""",Chevau-Légers Enchères,6 500 €,REST+,V,,6957,
,,,,,,,,,6954,
VOLKSWAGEN,23/05/2015,Silverstone,Karmann-Ghia 1600 (T 14) coupé,Silverstone Auctions,25 319 €,REST,V,,6954,
,,,,,,,,,6951,
VOLKSWAGEN,11/09/2017,La Mézière,Karmann-Ghia 1600 cabriolet (type14),Alcopa Auction,13 160 €,REST,V,,6951,
VOLKSWAGEN,26/03/2017,Avignon,Karmann-Ghia 1600 cabriolet (type14),Leclère MDV,29 400 €,REST,V,,6951,
VOLKSWAGEN,29/03/2014,Lyon (Brotteaux),Karmann-Ghia 1600 Type 14 cabriolet,Claude Aguttes SAS,20 400 €,REST,V,,6951,
VOLKSWAGEN,19/04/2010,Londres,"Karmann-Ghia 1600 cabriolet (type14), conv. RHD",Bonhams,5 520 €,REST/TR,V,,6951,
VOLKSWAGEN,27/08/2006,Whitney,Karmann-Ghia 1600 cabriolet T 14 LHD,Coys Auctions,3 750 €,OR,V,,6951,
,,,,,,,,,6950,
VOLKSWAGEN,08/05/2017,La Mézière,"Karmann-Ghia 1600 cabriolet autom., jantes sport",Alcopa Auction Rennes,18 020 €,REST,V,,6950,
VOLKSWAGEN,05/11/2016,Lyon,Karmann-Ghia 1500 cabriolet ex-USA,Claude Aguttes,17 400 €,RAR,V,,6950,
VOLKSWAGEN,20/06/2015,Lyon,Karmann-Ghia 1500 (T 14) cabriolet ex-USA,Claude Aguttes,18 000 €,RAR,V,,6950,
,,,,,,,,,6947,
VOLKSWAGEN,14/10/2017,Toffen,Karmann-Ghia 1500 coupé (type 14),Oldtimer Galerie Toffen,21 370 €,REST,V,,6947,
VOLKSWAGEN,10/05/2006,Leominster,"Karmann-Ghia 1600 coupé (type 14), conv. RHD",Brightwells,5 700 €,REST/TR,V,,6947,
,,,,,,,,,6946,
VOLKSWAGEN,19/01/2018,Scottsdale,Karmann-Ghia 1200 coupé,Gooding & Co,30 590 €,REST,V,,6946,
VOLKSWAGEN,08/03/2017,Fléville devant Nancy,Karmann-Ghia type 14 cabriolet ex-USA,Alcopa Auction Nancy,21 610 €,REST,V,,6946,
VOLKSWAGEN,27/02/2015,Berlin,Karmann-Ghia 1200 coupé Typ 14,Auctionata,14 860 €,REST,V,,6946,
VOLKSWAGEN,16/01/2015,Scottsdale,Karmann-Ghia 1200 coupé typ 14,Gooding & Co.,32 540 €,REST,V,,6946,
,,,,,,,,,8637,
VOLKSWAGEN,18/01/2019,Scottsdale,"Karmann-Ghia 1200 coupé (type 14, phares bas)",Gooding Co.,56 650 €,REST,V,,8637,
VOLKSWAGEN,19/09/2009,Kaufdorf,Karmann-Ghia 1200 coupé (type 14),Oldtimer Galerie Toffen,3 170 €,EP,V,,8637,
,,,,,,,,,6944,
VOLKSWAGEN,29/03/2019,Fort Lauderdale,Coccinelle 1303 injection cabriolet Karmann,RM Sotheby,10 770 €,OR+,V,,6944,
VOLKSWAGEN,01/09/2018,Beaulieu,1303 LS cabriolet RHD,Bonhams,26 930 €,OR+,V,,6944,
VOLKSWAGEN,18/06/2018,La Mézière,1303 cabriolet Karmann,Alcopa,8 150 €,OR,V,,6944,
VOLKSWAGEN,06/04/2018,Fort Lauderdale,1303 LS cabriolet Karmann,RM Sotheby's,17 960 €,REST,V,,6944,
VOLKSWAGEN,06/04/2018,Fort Lauderdale,1303 LS cabriolet Karmann,RM Sotheby's,31 430 €,REST,V,,6944,
VOLKSWAGEN,06/04/2018,Fort Lauderdale,1303 LS cabriolet Karmann,RM Sotheby's,17 060 €,REST,V,,6944,
VOLKSWAGEN,26/03/2017,Auvers sur Oise,Coccinelle 1303 LS cabriolet injection ex USA,William Le Calvez,13 570 €,OR,V,,6944,
VOLKSWAGEN,06/02/2017,La Mézière,Coccinelle 1303 LS Automatic cabriolet,Alcopa Auction Rennes,14 720 €,OR+,V,,6944,
VOLKSWAGEN,25/11/2016,Milan,Coccinelle 1303 L cabriolet Karmann,RM Sotheby's,21 280 €,OR,V,,6944,
VOLKSWAGEN,25/11/2016,Milan,Coccinelle 1303 L cabriolet Karmann,RM Sotheby's,12 880 €,OR,V,,6944,
VOLKSWAGEN,09/07/2016,Le Mans,Coccinelle 1303 LS cabriolet,Artcurial Motorcars,19 070 €,OR+,V,,6944,
VOLKSWAGEN,01/11/2015,Paris,"Coccinelle 1303 cabriolet, int. cuir et bois",Artcurial Motorcars,19 072 €,OR+,V,,6944,
VOLKSWAGEN,06/06/2015,Auvers sur Oise,Coccinelle 1303 cabriolet USA injection,SVV Le Calvez & Associés,21 456 €,REST+,V,,6944,
VOLKSWAGEN,27/02/2015,Berlin,Coccinelle 1303 (LS) Cabriolet 1600,Auctionata,17 330 €,REST,V,,6944,
VOLKSWAGEN,16/03/2014,Fontainebleau,Coccinelle 1303 LS cabriolet,Jean-Pierre Osenat,14 304 €,REST,V,,6944,
VOLKSWAGEN,16/06/2012,Oxford,New Beetle Speedster RHD conv. APS 1.8 T,Bonhams,7 861 €,TR/EX,V,,6944,
,,,,,,,,,6943,
VOLKSWAGEN,27/04/2019,Tupelo,1302 LS Cabriolet,Bonhams,20 970 €,OR+,V,,6943,
VOLKSWAGEN,04/11/2018,Paris,"1302 LS Cabriolet, ex-Sylvie Vartan",Artcurial Motorcars,29 800 €,OR+,V,,6943,
VOLKSWAGEN,19/02/2017,Marsac sur l'Isle,Coccinelle 1303 LS cabriolet,Périgord Enchères (Bertrand Miallon),17 700 €,REST,V,,6943,
VOLKSWAGEN,06/11/2016,Lyon-Chassieu,Coccinelle 1302 L cabriolet,Jean-Pierre Osenat,16 800 €,OR,V,,6943,
VOLKSWAGEN,08/11/2015,Lyon (Epoqu'auto),Coccinelle 1302 L cabriolet,Jean-Pierre Osenat,13 800 €,OR,V,,6943,
VOLKSWAGEN,07/11/2010,Paris,Coccinelle 1302 LS cabriolet,Artcurial Motorcars,8 000 €,OR+,V,,6943,
VOLKSWAGEN,03/05/2009,Toffen,Coccinelle 1302 LS cabriolet,Oldtimer Galerie Toffen,16 000 €,OR+,V,,6943,
VOLKSWAGEN,21/10/2007,Salzbourg,Coccinelle 1302 LS cabriolet,Dorotheum,7 000 €,REST,V,,6943,
VOLKSWAGEN,30/09/2007,Le Mans,Coccinelle 1302 LS cabriolet,"Artcurial Briest, Le Fur, Poulai",8 000 €,REST,V,,6943,
VOLKSWAGEN,26/07/2006,Buxton,Coccinelle 1500 cabriolet RHD,H & H Classic Auctions,7 050 €,REST,V,,6943,
,,,,,,,,,6944&index=2,
VOLKSWAGEN,27/04/2019,Tupelo,1302 LS Cabriolet,Bonhams,20 970 €,OR+,V,,6944&index=2,
VOLKSWAGEN,04/11/2018,Paris,"1302 LS Cabriolet, ex-Sylvie Vartan",Artcurial Motorcars,29 800 €,OR+,V,,6944&index=2,
VOLKSWAGEN,19/02/2017,Marsac sur l'Isle,Coccinelle 1303 LS cabriolet,Périgord Enchères (Bertrand Miallon),17 700 €,REST,V,,6944&index=2,
VOLKSWAGEN,06/11/2016,Lyon-Chassieu,Coccinelle 1302 L cabriolet,Jean-Pierre Osenat,16 800 €,OR,V,,6944&index=2,
VOLKSWAGEN,08/11/2015,Lyon (Epoqu'auto),Coccinelle 1302 L cabriolet,Jean-Pierre Osenat,13 800 €,OR,V,,6944&index=2,
VOLKSWAGEN,07/11/2010,Paris,Coccinelle 1302 LS cabriolet,Artcurial Motorcars,8 000 €,OR+,V,,6944&index=2,
VOLKSWAGEN,03/05/2009,Toffen,Coccinelle 1302 LS cabriolet,Oldtimer Galerie Toffen,16 000 €,OR+,V,,6944&index=2,
VOLKSWAGEN,21/10/2007,Salzbourg,Coccinelle 1302 LS cabriolet,Dorotheum,7 000 €,REST,V,,6944&index=2,
VOLKSWAGEN,30/09/2007,Le Mans,Coccinelle 1302 LS cabriolet,"Artcurial Briest, Le Fur, Poulai",8 000 €,REST,V,,6944&index=2,
VOLKSWAGEN,26/07/2006,Buxton,Coccinelle 1500 cabriolet RHD,H & H Classic Auctions,7 050 €,REST,V,,6944&index=2,
,,,,,,,,,6942,
VOLKSWAGEN,30/06/2019,Caen,Coccinelle 1600 inj. cabriolet Karmann,Marie Line Balsan / Dominique Pagneux,13 280 €,OR+,V,,6942,
VOLKSWAGEN,24/09/2017,Montlhéry,Coccinelle 1500 cabriolet Karmann automatique,Aguttes,26 310 €,REST,V,,6942,
VOLKSWAGEN,11/09/2017,La Mézière,Coccinelle 1500 cabriolet Karmann,Alcopa Auction,14 820 €,REST,V,,6942,
VOLKSWAGEN,08/05/2017,La Mézière,Coccinelle 1500 cabriolet autom. USA,Alcopa Auction Rennes,15 270 €,OR+,V,,6942,
VOLKSWAGEN,08/03/2017,Fléville devant Nancy,Coccinelle 1500 cabriolet ex-USA,Alcopa Auction Nancy,14 820 €,REST-,V,,6942,
VOLKSWAGEN,31/10/2016,La Mézière,"Coccinelle 1500 cabriolet ex-USA, jantes larges",Alcopa Auction,8 037 €,REST-,V,,6942,
VOLKSWAGEN,07/10/2013,Bruxelles,Coccinelle cabriolet Karmann,Pierre Bergé & Associés,12 500 €,REST,V,,6942,
VOLKSWAGEN,11/10/2010,Sainte-Geneviève,Coccinelle 1600 cabriolet Karmann,SVV Australe,6 800 €,REST-,V,,6942,
,,,,,,,,,6941,
VOLKSWAGEN,06/10/2017,Knokke-le-Zoute,Coccinelle 1200 cabriolet Karmann,Bonhams,27 600 €,OR,V,,6941,
VOLKSWAGEN,12/08/2012,Nysted,Coccinelle (1200) cabriolet,RM Auctions,18 010 €,OR+,V,,6941,
VOLKSWAGEN,27/01/2008,Romorantin,Coccinelle 1200 cabriolet,"SCP Dubée, Berron, Sentucq",9 000 €,REST/TR,V,,6941,
,,,,,,,,,6940,
VOLKSWAGEN,25/11/2016,Milan,Coccinelle cabriolet Karmann,RM Sotheby's,44 800 €,OR,V,,6940,
VOLKSWAGEN,25/04/2015,Toffen,Coccinelle 1303 cabriolet Karmann,Oldtimer Galerie Toffen,18 748 €,REST,V,,6940,
VOLKSWAGEN,11/03/2011,AmeliA IslAnd,Coccinelle cabriolet Karmann,Gooding & Company,23 400 €,REST+,V,,6940,
VOLKSWAGEN,16/08/2007,Monterey,Coccinelle cabriolet export USA,Christie's,36 000 €,REST+,V,,6940,
VOLKSWAGEN,14/07/2007,Woodstock,Coccinelle cabriolet Karmann (LHD),Coys,14 250 €,REST+,V,,6940,
,,,,,,,,,6939,
VOLKSWAGEN,29/05/2019,Auburn,Coccinelle cabriolet Karmann,RM Sotheby's,28 780 €,REST,V,,6939,
VOLKSWAGEN,14/06/2019,Le Mans,Coccinelle cabriolet Karmann,Marie Line Balsan / Dominique Pagneux,20 770 €,REST,V,,6939,
VOLKSWAGEN,07/04/2019,Le Mans,Coccinelle 1200 cabriolet Karmann,Marie Line Balsan / Dominique Pagneux,6 960 €,OR-,V,,6939,
VOLKSWAGEN,06/04/2018,Fort Lauderdale,1500 cabriolet Karmann,RM Sotheby's,8 440 €,REST,V,,6939,
VOLKSWAGEN,10/03/2018,Amelia Island,Typ 15 cabriolet Karmann,RM Sotheby,59 240 €,REST,V,,6939,
VOLKSWAGEN,02/10/2017,Philadelphie,Coccinelle cabriolet 1600 automatique Karmann,Bonhams,9 360 €,OR+,V,,6939,
VOLKSWAGEN,19/01/2017,Scottsdale,Coccinelle cabriolet Karmann,Bonhams,32 850 €,REST,V,,6939,
VOLKSWAGEN,06/09/2014,Beaulieu,Coccinelle cabriolet Karmann LHD,Bonhams,1 430 €,SEP,V,,6939,
VOLKSWAGEN,22/07/2013,Monaco,Coccinelle cabriolet Karmann automatique,Artcurial Motorcars,22 260 €,REST,V,,6939,
VOLKSWAGEN,22/07/2013,Monaco,"Coccinelle 1303 LS Cabriolet ""Champion""",Artcurial Motorcars,16 850 €,REST/TR,V,,6939,
,,,,,,,,,8272,
VOLKSWAGEN,27/04/2019,Tupelo,1303 S Super Beetle,Bonhams,8 490 €,OR+,V,,8272,
VOLKSWAGEN,18/06/2006,Fontainebleau,"Coccinelle 1303 S coach, immatr. belge",Jean-Pierre Osenat,3 000 €,REST,V,,8272,
,,,,,,,,,6938,
VOLKSWAGEN,17/03/2019,Paris,1303 coach,Claude Aguttes,16 820 €,OR+,V,,6938,
VOLKSWAGEN,24/11/2017,Esvres-sur-Indre,Coccinelle 1303 coach,Alcopa,4 980 €,OR,V,,6938,
VOLKSWAGEN,12/11/2016,Sainte-Solange,Coccinelle 1303 coach,SVV Daguerre,3 750 €,OR,V,,6938,
VOLKSWAGEN,21/04/2014,Saint-James,Coccinelle 1303 coach,Toutain-Vente / M. Vaudouër,5 175 €,OR+,V,,6938,
VOLKSWAGEN,01/04/2013,Saint-James,Coccinelle 1303 coach,Toutain-Vente / M. Vaudouër,4 485 €,REST+,V,,6938,
VOLKSWAGEN,11/12/2011,Fontainebleau,Coccinelle 1303 coach,Jean-Pierre Osenat,1 500 €,OR-,V,,6938,
VOLKSWAGEN,24/07/2011,Uzerche,Coccinelle 1303 coach standard,Me Arnaud-Lacroze,1 900 €,OR-,V,,6938,
VOLKSWAGEN,16/04/2010,Saint-LoubèS,Coccinelle 1303 coach,SCP Cambron-Pesin-Dupont-Lagrifo,750 €,OR-,V,,6938,
VOLKSWAGEN,01/08/2006,Kempston Hardwick,Coccinelle 1303 coach RHD,BCA Classic & Historic,750 €,OR,V,,6938,
,,,,,,,,,11564,
VOLKSWAGEN,04/05/2019,Saint Louis,Coccinelle 1600 Deluxe coach toit ouvrant souple,RM Sotheby's,8 990 €,OR,V,,11564,
VOLKSWAGEN,07/09/2016,Londres,Coccinelle 1600 Mexico série 50 ans (neuve),RM Sotheby's,18 700 €,EX,V,,11564,
VOLKSWAGEN,07/12/2009,Londres,"Coccinelle ""Mexico"" RHD, look 65, moteur 2.2",Bonhams,7 480 €,TR,V,,11564,
,,,,,,,,,9530,
VOLKSWAGEN,27/02/2008,Cheltenham,"Coccinelle 1300 S coach RHD, moteur 2.2 préparé",H & H Classic Auctions,12 020 €,REST/TR,V,,9530,
VOLKSWAGEN,11/07/2007,Leominster,Coccinelle 1300 S coach RHD préparé,Brightwells,2 400 €,REST/TR,V,,9530,
,,,,,,,,,6936,
VOLKSWAGEN,17/01/2019,Phoenix,Coccinelle 1500 coach,RM Sotheby's,29 470 €,REST,V,,6936,
VOLKSWAGEN,02/09/2018,Auburn,1500 Export,RM Sotheby's,5 450 €,OR+,V,,6936,
VOLKSWAGEN,07/06/2007,Brooklands,Coccinelle 1500 coach RHD,BCA Classic & Historic,8 780 €,OR+,V,,6936,
,,,,,,,,,6935,
VOLKSWAGEN,08/03/2019,Amelia Island,Coccinelle 1300 coach toit ouvrant,RM Sotheby,23 950 €,REST,V,,6935,
VOLKSWAGEN,02/03/2019,Ascott,Coccinelle 1300 coach RHD,Historics at Brooklands,4 880 €,OR+,V,,6935,
VOLKSWAGEN,02/03/2019,Ascott,Coccinelle 1300 coach RHD (moteur 1600),Historics at Brooklands,6 830 €,REST,V,,6935,
VOLKSWAGEN,25/11/2018,Roubaix,1300 coach,May & Associés,5 030 €,REC,V,,6935,
VOLKSWAGEN,30/06/2018,Wattripont,1300 toit ouvrant,Collin du Bocage,5 040 €,OR,V,,6935,
VOLKSWAGEN,29/03/2017,Duxford,Coccinelle 1300 RHD,H & H Classic Auctions,22 410 €,REST+,V,,6935,
VOLKSWAGEN,07/09/2013,Beaulieu,"Evocation Bugatti 35, base 1300",Bonhams,6 560 €,TR,V,,6935,
VOLKSWAGEN,08/06/2013,Zurich,Coccinelle 1300 L automatique coach,Oldtimer Galerie Toffen,7 578 €,OR+,V,,6935,
VOLKSWAGEN,09/03/2013,Brooklands,Coccinelle 1300 coach RHD,Historics at Brooklands,10 794 €,OR+,V,,6935,
VOLKSWAGEN,17/11/2012,Birmingham,Coccinelle 1300 coach,Silverstone Auctions,6 983 €,OR,V,,6935,
VOLKSWAGEN,22/09/2012,Cap d'Agde,Coccinelle 1300 coach,Les belles du cap - J. Bessière/A. Artus,5 361 €,OR+,V,,6935,
VOLKSWAGEN,30/01/2010,Kings Lynn,Coccinelle 1300 coach RHD,Anglia Car Auctions,4 950 €,REST+,V,,6935,
VOLKSWAGEN,18/11/2009,Harrogate,"Coccinelle 1300 coach RHD, conversion cabriolet",Bonhams,1 210 €,TR/OR,V,,6935,
VOLKSWAGEN,03/05/2009,Toffen,Coccinelle 1300 coach,Oldtimer Galerie Toffen,2 650 €,OR,V,,6935,
VOLKSWAGEN,26/09/2009,Reims-Gueux,Coccinelle 1300 coach,Bonhams,1 500 €,OR,V,,6935,
VOLKSWAGEN,26/04/2008,Toffen,1300 kit Bugatti Replica,Oldtimer Galerie Toffen,6 500 €,TR,V,,6935,
,,,,,,,,,6934,
VOLKSWAGEN,28/11/2018,Buxton,1200 L RHD,H and H,2 790 €,OR,V,,6934,
VOLKSWAGEN,30/10/2016,Montastruc,Coccinelle 1200 coach,Stanislas Machoïr,12 000 €,REST,V,,6934,
VOLKSWAGEN,10/12/2015,Londres,"Coccinelle 1200 L RHD, 63 miles origine",Bonhams,19 100 €,EX,V,,6934,
VOLKSWAGEN,14/06/2015,Fontainebleau,Buggy 4 places,Jean-Pierre Osenat,16 800 €,TR,V,,6934,
VOLKSWAGEN,26/07/2012,Monaco,Cox 1600 injection (Typ 11) ex-Canada,Artcurial,22 521 €,OR+/EX,V,,6934,
VOLKSWAGEN,09/06/2010,Buxton,Coccinelle 1200 L coach RHD,H & H Classic Auctions,3 240 €,OR+,V,,6934,
VOLKSWAGEN,21/04/2010,Buxton,Coccinelle 1200 L RHD,H & H Classic Auctions,2 310 €,REST,V,,6934,
VOLKSWAGEN,31/10/2007,Londres,Coccinelle 1200 L Final Edition RHD,RM Auctions / Sotheby's,14 250 €,REST+,V,,6934,
,,,,,,,,,6935&index=2,
VOLKSWAGEN,28/11/2018,Buxton,1200 L RHD,H and H,2 790 €,OR,V,,6935&index=2,
VOLKSWAGEN,30/10/2016,Montastruc,Coccinelle 1200 coach,Stanislas Machoïr,12 000 €,REST,V,,6935&index=2,
VOLKSWAGEN,10/12/2015,Londres,"Coccinelle 1200 L RHD, 63 miles origine",Bonhams,19 100 €,EX,V,,6935&index=2,
VOLKSWAGEN,14/06/2015,Fontainebleau,Buggy 4 places,Jean-Pierre Osenat,16 800 €,TR,V,,6935&index=2,
VOLKSWAGEN,26/07/2012,Monaco,Cox 1600 injection (Typ 11) ex-Canada,Artcurial,22 521 €,OR+/EX,V,,6935&index=2,
VOLKSWAGEN,09/06/2010,Buxton,Coccinelle 1200 L coach RHD,H & H Classic Auctions,3 240 €,OR+,V,,6935&index=2,
VOLKSWAGEN,21/04/2010,Buxton,Coccinelle 1200 L RHD,H & H Classic Auctions,2 310 €,REST,V,,6935&index=2,
VOLKSWAGEN,31/10/2007,Londres,Coccinelle 1200 L Final Edition RHD,RM Auctions / Sotheby's,14 250 €,REST+,V,,6935&index=2,
,,,,,,,,,11339,
VOLKSWAGEN,02/07/2017,Caen,"1200 Jeans, ex Vintage Mecanic",Orne Enchères / M. Pagneux,12 000 €,REST+,V,,11339,
VOLKSWAGEN,08/02/2013,Paris,"Coccinelle 1600 Silver, 150 km origine",Artcurial Motorcars,19 062 €,EX,V,,11339,
VOLKSWAGEN,03/07/2010,Caen,Coccinelle 1200 Jeans coach,Brioult Enchères / M. Pagneux,5 000 €,RAR,V,,11339,
VOLKSWAGEN,19/11/2007,Harrogate,Coccinelle 1200 Jeans RHD,Bonhams,3 000 €,OR,V,,11339,
,,,,,,,,,6933,
VOLKSWAGEN,21/10/2018,Paris,1200 coach,Leclère MDV,12 240 €,OR+,V,,6933,
VOLKSWAGEN,21/04/2018,Toffen,1200 toit ouvrant,Oldtimer Galerie Toffen,17 820 €,OR+,V,,6933,
VOLKSWAGEN,30/09/2017,La Flèche,Coccinelle 1200 coach,Cyril Duval,3 840 €,OR,V,,6933,
VOLKSWAGEN,09/10/2016,Château sur Epte,"Coccinelle 1200, pare-chocs 1302",Artcurial Motorcars,4 256 €,OR,V,,6933,
VOLKSWAGEN,28/11/2015,Brooklands,Coccinelle Baja prép. 1660,Historics at Brooklands,5 566 €,REST/TR,V,,6933,
VOLKSWAGEN,05/09/2015,Beaulieu,Coccinelle 1200 coach,Bonhams,4 720 €,OR,V,,6933,
VOLKSWAGEN,13/03/2015,Amelia Island,Coccinelle 1200 coach,Gooding & Co.,25 159 €,OR,V,,6933,
VOLKSWAGEN,17/11/2012,Birmingham,Coccinelle (ovale) Standard,Silverstone Auctions,16 061 €,REST,V,,6933,
VOLKSWAGEN,17/11/2012,Birmingham,Coccinelle 1300 coach,Silverstone Auctions,11 033 €,REST,V,,6933,
VOLKSWAGEN,16/06/2012,Oxford,Replicar Bugatti base Type 11,Bonhams,8 861 €,TR,V,,6933,
VOLKSWAGEN,09/10/2011,Montastruc la conseillère,"Coccinelle 1200 coach ""50e anniversaire""",FEE Machoir / D. Pouteau,7 000 €,OR,V,,6933,
VOLKSWAGEN,08/10/2010,EsvrEs sur IndrE,Coccinelle 1200 coach,Five Auction Tours,6 200 €,OR+,V,,6933,
VOLKSWAGEN,16/04/2010,Saint-LoubèS,Coccinelle 1200 coach,SCP Cambron-Pesin-Dupont-Lagrifo,3 300 €,RET,V,,6933,
VOLKSWAGEN,31/10/2007,Londres,"Coccinelle 1200 coach RHD, 1 500 miles d'origine",RM Auctions / Sotheby's,18 000 €,EX,V,,6933,
,,,,,,,,,6932,
VOLKSWAGEN,08/12/2018,Los Angeles,1200 Export toit ouvrant souple,RM Sotheby's,23 780 €,REST,V,,6932,
VOLKSWAGEN,02/09/2018,Auburn,1200 Export (surbaissée),RM Sotheby's,4 260 €,OR,V,,6932,
VOLKSWAGEN,06/04/2018,Fort Lauderdale,Typ 11 Export toit souple,RM Sotheby's,17 060 €,OR+,V,,6932,
VOLKSWAGEN,25/02/2017,Coventry,Coccinelle 1200 Export RHD,Silverstone Auctions,19 230 €,OR+,V,,6932,
VOLKSWAGEN,14/01/2017,Scottsdale,Coccinelle 1200 ex-cinéma (Shaking Herbie),Barrett-Jackson,15 510 €,OR,V,,6932,
VOLKSWAGEN,18/01/2017,Scottsdale,Coccinelle 1200 coach Export toit souple,Worldwide Auctioneers,20 690 €,REST,V,,6932,
VOLKSWAGEN,25/11/2016,Milan,Coccinelle 1200 coach Export,RM Sotheby's,23 520 €,OR+,V,,6932,
VOLKSWAGEN,20/11/2016,Auvers sur Oise,Coccinelle 1200 coach Export,William Le Calvez,17 864 €,REST,V,,6932,
VOLKSWAGEN,21/08/2016,Pebble Beach,"Coccinelle Export coach, toit souple",Gooding & Co.,63 000 €,REST+,V,,6932,
VOLKSWAGEN,08/03/2015,Auvers sur Oise,"Coccinelle 1200 Export, moteur 1300",SVV Le Calvez & Associés,8 106 €,REST/TR,V,,6932,
VOLKSWAGEN,27/02/2015,Berlin,"Coccinelle 1200 Export, toit souple",Auctionata,8 670 €,REST,V,,6932,
VOLKSWAGEN,06/02/2014,Paris,Coccinelle 1200 toit ouvrant Export Italie,Bonhams,12 075 €,REST,V,,6932,
VOLKSWAGEN,25/03/2013,Bruxelles,"Coccinelle ""ovale"" coach export",Pierre Bergé & Associés,12 000 €,OR+,V,,6932,
VOLKSWAGEN,01/12/2012,Toffen,Coccinelle (split) coach Export,Oldtimer Galerie,31 587 €,REST,V,,6932,
VOLKSWAGEN,17/11/2012,Birmingham,Coccinelle (split) Standard,Silverstone Auctions,29 328 €,REST,V,,6932,
VOLKSWAGEN,31/10/2012,Londres,Coccinelle 1200 export LHD,RM Auctions,12 549 €,OR+,V,,6932,
,,,,,,,,,11681,
VOLKSWAGEN,06/04/2018,Fort Lauderdale,Typ 11 Standard,RM Sotheby's,12 570 €,REST,V,,11681,
VOLKSWAGEN,19/01/2017,Phoenix,Coccinelle 1200 export USA,RM Sotheby's,17 380 €,OR,V,,11681,
VOLKSWAGEN,03/09/2016,Oxford,"Coccinelle Export RHD, moteur 1600",Silverstone Auctions,27 492 €,REST/TR,V,,11681,
,,,,,,,,,6932&index=2,
VOLKSWAGEN,06/04/2018,Fort Lauderdale,Typ 11 Standard,RM Sotheby's,12 570 €,REST,V,,6932&index=2,
VOLKSWAGEN,19/01/2017,Phoenix,Coccinelle 1200 export USA,RM Sotheby's,17 380 €,OR,V,,6932&index=2,
VOLKSWAGEN,03/09/2016,Oxford,"Coccinelle Export RHD, moteur 1600",Silverstone Auctions,27 492 €,REST/TR,V,,6932&index=2,
,,,,,,,,,6931,
VOLKSWAGEN,02/07/2017,Monaco,"Typ 11 Export, toit souple",Artcurial Motorcars,19 190 €,REST+,V,,6931,
VOLKSWAGEN,19/01/2017,Scottsdale,Coccinelle (ovale) export USA,Bonhams,19 660 €,REST,V,,6931,
VOLKSWAGEN,03/03/2008,Londres,"Coccinelle ""Ovale"" coach export LHD",Coys Auctions,11 480 €,REST+,V,,6931,
,,,,,,,,,11737,
VOLKSWAGEN,17/08/2017,Pacific Grove,Coccinelle (ovale) coach Standard,Worldwide Auctioneers,65 510 €,REST,V,,11737,
,,,,,,,,,6930,
VOLKSWAGEN,06/01/2019,Nevers,Typ 11 Export,Métayer Auction,31 720 €,OR,V,,6930,
VOLKSWAGEN,29/03/2019,Fort Lauderdale,Coccinelle (split) coach Export,RM Sotheby,36 220 €,REST,V,,6930,
VOLKSWAGEN,19/01/2018,Scottsdale,Typ 11 Export,Gooding & Co,44 990 €,REST,V,,6930,
VOLKSWAGEN,08/02/2017,Paris,Coccinelle (split) coach Export,RM Sotheby's,59 490 €,OR,V,,6930,
VOLKSWAGEN,20/03/2016,Fontainebleau,Coccinelle (split) coach export,Jean-Pierre Osenat,33 600 €,REST+,V,,6930,
VOLKSWAGEN,11/03/2016,Amelia Island,Coccinelle (split) coach,Gooding & Co.,57 420 €,REST,V,,6930,
VOLKSWAGEN,19/09/2009,Kaufdorf,"Coccinelle ""Split"" coach export",Oldtimer Galerie Toffen,3 000 €,EP,V,,6930,
,,,,,,,,,11736,
VOLKSWAGEN,08/02/2019,Paris,Coccinelle (split) coach Standard,Artcurial,41 720 €,REST,V,,11736,
VOLKSWAGEN,10/03/2017,Amelia Island,Coccinelle (split) Export,Gooding & Co.,39 350 €,REST,V,,11736,
VOLKSWAGEN,09/05/2011,Munich,Coccinelle Typ 11 coach,Hermann Historica,40 000 €,OR-,V,,11736,
,,,,,,,,,6967,
VOLKSWAGEN,18/09/2016,Catz,Typ 82 Kübelwagen ,Artcurial,68 200 €,REST+,V,,6967,
VOLKSWAGEN,14/11/2012,Harrogate,Typ 82 Kübelwagen,Bonhams,27 182 €,REC,V,,6967,
VOLKSWAGEN,09/05/2011,Munich,Typ 86 Kübelwagen 4 x 4 (reconstruction),Hermann Historica,50 000 €,REST/TR,V,,6967,
VOLKSWAGEN,09/05/2011,Munich,Typ 82 Kübelwagen,Hermann Historica,30 000 €,REST-,V,,6967,
VOLKSWAGEN,14/06/2008,Le Gua,"Typ 82 ""Kübelwagen""",Hermann Historica,24 000 €,REST-/TR,V,,6967,
VOLKSWAGEN,12/11/2007,Vimoutiers,"Typ 82 Kübelwagen, moteur plus récent",Demade Enchères,26 000 €,RAR/TR,V,,6967,
VOLKSWAGEN,28/04/2007,Toffen,"Réplique Kübelwagen Albar, base VW 1300",Oldtimer Galerie Toffen,2 600 €,TR,V,,6967,
